{"type":"FeatureCollection","features":[{"type":"Feature","properties":{"code":"19","name":"Kauno m. sav."},"geometry":{"type":"Polygon","coordinates":[[[23.927,54.9564],[23.9135,54.9596],[23.9014,54.9512],[23.8966,54.9539],[23.8899,54.9504],[23.8867,54.9544],[23.8786,54.9474],[23.8564,54.9408],[23.8292,54.9415],[23.8287,54.948],[23.8121,54.9451],[23.8041,54.9567],[23.793,54.9282],[23.7533,54.9309],[23.8069,54.9083],[23.8231,54.9059],[23.8209,54.903],[23.8641,54.8976],[23.8698,54.8765],[23.8297,54.8682],[23.8426,54.8507],[23.8565,54.8576],[23.8674,54.8537],[23.8641,54.8484],[23.8803,54.8463],[23.8843,54.8569],[23.9277,54.8511],[23.936,54.831],[23.9223,54.8207],[23.9689,54.8438],[23.9762,54.8359],[23.9873,54.8341],[24.0108,54.8427],[24.0268,54.8352],[24.0417,54.8441],[24.0332,54.8517],[24.0141,54.8569],[24.0493,54.899],[24.0774,54.9139],[24.0999,54.9128],[24.0666,54.9261],[24.0486,54.9231],[24.0452,54.9276],[23.9768,54.9302],[23.9769,54.9343],[23.995,54.9388],[23.9784,54.9369],[23.9692,54.9455],[23.9573,54.9472],[23.9601,54.949],[23.9539,54.9518],[23.9551,54.9585],[23.927,54.9564]]]}},{"type":"Feature","properties":{"code":"72","name":"Raseinių r. sav."},"geometry":{"type":"Polygon","coordinates":[[[23.3312,55.5498],[23.289,55.5358],[23.2799,55.537],[23.2813,55.5427],[23.2738,55.5425],[23.2764,55.5333],[23.2579,55.5263],[23.2555,55.5329],[23.2409,55.5348],[23.2337,55.5589],[23.226,55.5634],[23.2327,55.5725],[23.2295,55.5767],[23.2154,55.5655],[23.205,55.5662],[23.1874,55.559],[23.1273,55.5561],[23.13,55.5605],[23.1218,55.5607],[23.1189,55.5685],[23.1048,55.567],[23.0974,55.5646],[23.1025,55.5545],[23.0942,55.5538],[23.0961,55.5413],[23.0745,55.5402],[23.0729,55.5339],[23.079,55.533],[23.0783,55.5224],[23.0827,55.5208],[23.0801,55.5137],[23.0855,55.5114],[23.0781,55.5016],[23.0633,55.5071],[23.0635,55.5137],[23.057,55.5157],[23.0641,55.5002],[23.0571,55.498],[23.0366,55.5102],[23.0276,55.4989],[23.0115,55.4937],[23.0051,55.4966],[23.0005,55.4889],[22.9885,55.4923],[22.9371,55.4857],[22.8935,55.4644],[22.8904,55.4679],[22.8748,55.463],[22.8766,55.4676],[22.8719,55.4702],[22.8539,55.4711],[22.849,55.463],[22.8264,55.4777],[22.8374,55.4767],[22.8493,55.4827],[22.8427,55.4869],[22.8518,55.4934],[22.8471,55.4997],[22.8521,55.5053],[22.8386,55.5089],[22.8312,55.5037],[22.8177,55.5084],[22.7787,55.5033],[22.7552,55.5144],[22.7105,55.4846],[22.6999,55.4897],[22.6761,55.475],[22.6755,55.4709],[22.6834,55.4665],[22.6702,55.4577],[22.687,55.4478],[22.6957,55.4152],[22.7194,55.4202],[22.7238,55.4258],[22.7416,55.422],[22.7426,55.4099],[22.7294,55.3987],[22.7342,55.3887],[22.7528,55.3899],[22.7625,55.3758],[22.7838,55.3809],[22.8028,55.3781],[22.8047,55.37],[22.8132,55.3678],[22.8077,55.3537],[22.8125,55.3485],[22.8075,55.3434],[22.795,55.343],[22.7901,55.3303],[22.8103,55.3299],[22.8096,55.3252],[22.8187,55.3218],[22.8418,55.3248],[22.8429,55.3145],[22.8609,55.3117],[22.8577,55.3086],[22.8687,55.3017],[22.8653,55.2983],[22.8728,55.3017],[22.8642,55.2862],[22.8774,55.2887],[22.8747,55.2948],[22.8795,55.299],[22.9009,55.2997],[22.902,55.3096],[22.9352,55.3116],[22.9295,55.3204],[22.9367,55.3225],[22.945,55.3126],[22.981,55.3141],[22.9733,55.2874],[23.0236,55.2752],[22.9966,55.2533],[23.0651,55.2496],[23.0712,55.2628],[23.0986,55.2601],[23.1026,55.2555],[23.1423,55.2612],[23.1545,55.2685],[23.1688,55.2651],[23.1792,55.2687],[23.1853,55.246],[23.1803,55.2419],[23.1819,55.2325],[23.2097,55.2366],[23.2114,55.23],[23.2383,55.2342],[23.283,55.2297],[23.294,55.2302],[23.2981,55.2381],[23.3569,55.2391],[23.3647,55.2239],[23.3605,55.2148],[23.3711,55.2113],[23.3947,55.2148],[23.4075,55.2051],[23.439,55.2151],[23.4414,55.2084],[23.5041,55.1934],[23.5093,55.2012],[23.5173,55.2019],[23.5325,55.1969],[23.5267,55.179],[23.5618,55.1762],[23.5827,55.191],[23.5697,55.2147],[23.5821,55.2152],[23.598,55.2248],[23.5932,55.2505],[23.5713,55.2489],[23.5758,55.2637],[23.5834,55.2685],[23.5812,55.2735],[23.5927,55.2833],[23.6057,55.2782],[23.6185,55.2831],[23.6056,55.2961],[23.6219,55.3092],[23.6079,55.3171],[23.6182,55.3225],[23.6403,55.3199],[23.6394,55.3244],[23.6202,55.3317],[23.6189,55.3346],[23.6256,55.3351],[23.6253,55.3414],[23.6158,55.3497],[23.6062,55.347],[23.6026,55.3537],[23.6113,55.3573],[23.5996,55.3671],[23.5812,55.3972],[23.5625,55.3934],[23.5471,55.4061],[23.5452,55.4283],[23.5769,55.4334],[23.5726,55.4405],[23.5601,55.4434],[23.57,55.4491],[23.5835,55.448],[23.5932,55.4627],[23.5948,55.4726],[23.5719,55.473],[23.5614,55.4876],[23.573,55.5081],[23.5566,55.5148],[23.5442,55.5133],[23.5369,55.5231],[23.4785,55.52],[23.485,55.498],[23.4752,55.4959],[23.4767,55.4896],[23.4668,55.4873],[23.455,55.4922],[23.4599,55.4971],[23.4009,55.5114],[23.4015,55.5209],[23.3905,55.5285],[23.3312,55.5498]]]}},{"type":"Feature","properties":{"code":"87","name":"Šilalės r. sav."},"geometry":{"type":"Polygon","coordinates":[[[22.3729,55.6593],[22.3528,55.666],[22.354,55.6707],[22.311,55.6787],[22.3006,55.667],[22.26,55.6883],[22.2476,55.6805],[22.1548,55.6713],[22.1576,55.6663],[22.1304,55.6617],[22.1232,55.6507],[22.0934,55.66],[22.083,55.6586],[22.0646,55.6494],[22.0716,55.6381],[22.0619,55.6373],[22.0594,55.63],[22.0442,55.626],[22.0443,55.6133],[22.0266,55.6093],[22.0311,55.6063],[21.9717,55.6124],[21.8798,55.597],[21.8688,55.5876],[21.8829,55.5823],[21.8583,55.5716],[21.8503,55.5742],[21.8428,55.5689],[21.8347,55.5703],[21.8082,55.5488],[21.8255,55.55],[21.8354,55.5458],[21.8267,55.5375],[21.8249,55.5329],[21.8301,55.5281],[21.8217,55.5182],[21.8272,55.5178],[21.8365,55.4949],[21.8504,55.4995],[21.8669,55.4665],[21.8719,55.4229],[21.9195,55.4359],[21.9713,55.4228],[22.0003,55.4243],[22.003,55.4072],[22.015,55.4128],[22.0222,55.4094],[22.0196,55.4017],[22.0107,55.3977],[22.0341,55.3916],[22.0555,55.398],[22.0594,55.3895],[22.0505,55.3835],[22.0695,55.3819],[22.0763,55.3689],[22.1004,55.3749],[22.1089,55.3588],[22.1336,55.3676],[22.1415,55.3643],[22.1565,55.3827],[22.1756,55.37],[22.2284,55.3953],[22.2604,55.3802],[22.3194,55.4078],[22.308,55.4153],[22.3101,55.4236],[22.294,55.4255],[22.2997,55.4295],[22.2747,55.4344],[22.2699,55.4416],[22.3016,55.447],[22.2904,55.4509],[22.2974,55.4615],[22.3074,55.4609],[22.3071,55.4541],[22.3209,55.4579],[22.3239,55.4513],[22.34,55.4591],[22.3695,55.4394],[22.3644,55.4332],[22.3694,55.4295],[22.389,55.4247],[22.4031,55.4317],[22.4258,55.4167],[22.4258,55.4255],[22.4569,55.4373],[22.4807,55.4304],[22.5704,55.4546],[22.5806,55.445],[22.5954,55.4419],[22.5995,55.4493],[22.6128,55.4515],[22.6132,55.4571],[22.6253,55.4557],[22.6256,55.4636],[22.619,55.4687],[22.6312,55.4715],[22.6215,55.481],[22.6263,55.4837],[22.6222,55.4871],[22.6468,55.4929],[22.6494,55.4984],[22.6401,55.5],[22.643,55.506],[22.6256,55.5119],[22.6204,55.5217],[22.6047,55.5236],[22.6061,55.5281],[22.5951,55.5335],[22.5957,55.5382],[22.5774,55.5475],[22.5867,55.5663],[22.5607,55.5679],[22.5491,55.5631],[22.5265,55.5854],[22.5024,55.589],[22.4998,55.597],[22.515,55.6226],[22.5,55.6335],[22.477,55.6376],[22.4778,55.6609],[22.4663,55.6729],[22.4468,55.6641],[22.4142,55.6705],[22.3883,55.6674],[22.3729,55.6593]]]}},{"type":"Feature","properties":{"code":"88","name":"Šilutės r. sav."},"geometry":{"type":"Polygon","coordinates":[[[21.7753,55.563],[21.7822,55.5618],[21.7712,55.5567],[21.77,55.5427],[21.7594,55.5347],[21.753,55.5348],[21.7478,55.5264],[21.7383,55.5224],[21.7189,55.5219],[21.7106,55.5137],[21.6814,55.5276],[21.6807,55.534],[21.6608,55.547],[21.6339,55.552],[21.628,55.5607],[21.6143,55.5668],[21.5986,55.5647],[21.5837,55.5687],[21.5906,55.5549],[21.5774,55.5508],[21.5825,55.547],[21.5816,55.5408],[21.5694,55.5443],[21.5453,55.5393],[21.5407,55.5366],[21.5421,55.5276],[21.5253,55.525],[21.5256,55.5288],[21.5148,55.5282],[21.501,55.5182],[21.4953,55.523],[21.5054,55.5328],[21.4941,55.5332],[21.4917,55.5408],[21.4746,55.5416],[21.4723,55.5372],[21.4573,55.5335],[21.4532,55.5395],[21.4706,55.5494],[21.4539,55.5584],[21.4257,55.5456],[21.3985,55.5493],[21.3979,55.5373],[21.385,55.5302],[21.3883,55.5244],[21.3807,55.5236],[21.3804,55.5185],[21.3752,55.5222],[21.3696,55.5158],[21.3539,55.5143],[21.3544,55.5084],[21.347,55.5038],[21.3613,55.4982],[21.3651,55.4792],[21.3382,55.4906],[21.263,55.4672],[21.0991,55.4581],[21.0903,55.4385],[21.1077,55.4275],[21.1107,55.4205],[21.0861,55.4092],[21.0952,55.4023],[21.0755,55.3913],[21.0796,55.3844],[21.055,55.3658],[21.0537,55.3559],[21.0606,55.3507],[21.0526,55.3358],[21.0585,55.331],[21.0153,55.3142],[21.008,55.307],[21.0094,55.3029],[20.997,55.2964],[21.0017,55.2895],[20.9831,55.2778],[21.0983,55.2564],[21.2721,55.2454],[21.2983,55.2532],[21.3316,55.2747],[21.374,55.2872],[21.3828,55.2944],[21.4316,55.2515],[21.4365,55.2372],[21.4492,55.2222],[21.4847,55.2032],[21.5055,55.1858],[21.5209,55.1866],[21.5438,55.1968],[21.5695,55.1981],[21.5955,55.1878],[21.6668,55.1813],[21.6689,55.184],[21.6612,55.1876],[21.6666,55.1998],[21.6815,55.1992],[21.6904,55.2052],[21.6907,55.2117],[21.7303,55.2125],[21.738,55.2167],[21.7302,55.222],[21.748,55.2283],[21.766,55.2291],[21.7793,55.224],[21.7916,55.2296],[21.8195,55.2194],[21.8121,55.2134],[21.8664,55.2031],[21.8767,55.2287],[21.8742,55.2328],[21.8825,55.2383],[21.8616,55.2495],[21.8579,55.2623],[21.8493,55.2697],[21.854,55.2773],[21.872,55.2939],[21.8844,55.2965],[21.8963,55.2882],[21.935,55.3194],[21.9509,55.3268],[21.9528,55.3392],[21.9755,55.3429],[21.9981,55.354],[22.0248,55.3936],[22.0101,55.3983],[22.0195,55.4016],[22.0222,55.4093],[22.015,55.4128],[22.003,55.4072],[22.0003,55.4243],[21.9713,55.4228],[21.9195,55.4359],[21.8719,55.4229],[21.8669,55.4665],[21.8504,55.4995],[21.8365,55.4949],[21.8272,55.5178],[21.8217,55.5182],[21.8301,55.5281],[21.8249,55.5329],[21.8267,55.5375],[21.8354,55.5458],[21.8255,55.55],[21.8082,55.5488],[21.8169,55.5556],[21.8,55.5585],[21.8087,55.5639],[21.7866,55.5685],[21.7753,55.563]]]}},{"type":"Feature","properties":{"code":"84","name":"Šakių r. sav."},"geometry":{"type":"Polygon","coordinates":[[[23.0531,55.1032],[23.0185,55.1017],[22.9274,55.0823],[22.8548,55.089],[22.8123,55.0758],[22.7766,55.0752],[22.74,55.0592],[22.6625,55.0494],[22.636,55.0523],[22.589,55.0703],[22.5903,55.0543],[22.5976,55.046],[22.5946,55.032],[22.6035,55.0135],[22.6141,55.0128],[22.625,55.0043],[22.6267,54.9957],[22.6364,54.9848],[22.6432,54.9838],[22.6417,54.9721],[22.6498,54.9659],[22.6642,54.9646],[22.6683,54.9693],[22.6591,54.9817],[22.6784,54.9874],[22.6878,54.981],[22.6903,54.9715],[22.7072,54.9734],[22.7258,54.9634],[22.728,54.9548],[22.7425,54.9394],[22.767,54.9351],[22.7498,54.925],[22.7547,54.9186],[22.7619,54.9169],[22.769,54.9235],[22.7833,54.9247],[22.7931,54.9039],[22.8207,54.912],[22.8552,54.8878],[22.8396,54.8644],[22.8692,54.8531],[22.8586,54.839],[22.8766,54.8335],[22.8799,54.8252],[22.8712,54.8202],[22.8867,54.8136],[22.8734,54.8055],[22.8718,54.7968],[22.8775,54.7906],[22.8545,54.7899],[22.848,54.7856],[22.8591,54.7777],[22.8477,54.7734],[22.8629,54.7669],[22.8593,54.7617],[22.8779,54.7641],[22.8936,54.7764],[22.8891,54.7778],[22.8931,54.7823],[22.9045,54.785],[22.9466,54.7776],[22.9589,54.7876],[23.0113,54.7906],[23.0167,54.7632],[23.0567,54.7604],[23.0587,54.756],[23.088,54.7455],[23.1102,54.75],[23.1241,54.7416],[23.15,54.7405],[23.1552,54.7373],[23.1559,54.7246],[23.1665,54.7291],[23.1785,54.7253],[23.2005,54.7288],[23.2029,54.7334],[23.2305,54.7407],[23.242,54.7387],[23.2663,54.7522],[23.2847,54.7545],[23.2938,54.7633],[23.271,54.7747],[23.2684,54.783],[23.2888,54.8125],[23.2998,54.8132],[23.3054,54.8282],[23.2902,54.8312],[23.2916,54.8428],[23.2804,54.8434],[23.2753,54.8492],[23.2993,54.8746],[23.2876,54.8782],[23.3143,54.8898],[23.334,54.8854],[23.3938,54.9369],[23.391,54.9496],[23.4018,54.959],[23.4157,54.9552],[23.4416,54.9771],[23.4507,54.9786],[23.4879,54.9715],[23.506,54.9727],[23.5444,55.0026],[23.5753,55.0001],[23.5872,55.0084],[23.5832,55.0145],[23.5891,55.0282],[23.5725,55.0391],[23.5346,55.0451],[23.4948,55.0451],[23.4165,55.0735],[23.3864,55.0741],[23.3365,55.0663],[23.0531,55.1032]]]}},{"type":"Feature","properties":{"code":"59","name":"Lazdijų r. sav."},"geometry":{"type":"Polygon","coordinates":[[[23.5628,54.3699],[23.5865,54.3692],[23.5818,54.3951],[23.5994,54.3962],[23.5971,54.4068],[23.5649,54.4058],[23.5671,54.4237],[23.5402,54.4132],[23.4882,54.4149],[23.4541,54.3987],[23.433,54.4014],[23.4433,54.3926],[23.4382,54.3896],[23.4417,54.387],[23.4386,54.3779],[23.4448,54.3658],[23.3998,54.3679],[23.3932,54.3626],[23.3655,54.3592],[23.3685,54.3512],[23.3591,54.3449],[23.3477,54.3468],[23.3463,54.3318],[23.3368,54.327],[23.3448,54.3106],[23.3124,54.2971],[23.3312,54.278],[23.331,54.2698],[23.3229,54.2699],[23.3213,54.2534],[23.3376,54.2517],[23.3618,54.231],[23.3814,54.229],[23.4068,54.1961],[23.419,54.191],[23.4245,54.1776],[23.459,54.1756],[23.4613,54.1678],[23.4756,54.1634],[23.4734,54.1581],[23.4859,54.1532],[23.4954,54.1326],[23.4926,54.117],[23.5021,54.113],[23.507,54.0995],[23.5184,54.0898],[23.5184,54.0787],[23.5286,54.0658],[23.5249,54.0311],[23.5162,54.0286],[23.5031,54.0067],[23.493,54.0072],[23.481,53.9982],[23.4906,53.9738],[23.5074,53.9664],[23.516,53.9551],[23.5269,53.956],[23.5371,53.9419],[23.5481,53.9445],[23.5604,53.9391],[23.5687,53.9446],[23.5814,53.9427],[23.5864,53.9367],[23.5979,53.9369],[23.6011,53.9311],[23.5981,53.9298],[23.6069,53.9219],[23.615,53.9277],[23.632,53.9274],[23.6497,53.9347],[23.6818,53.932],[23.703,53.9338],[23.7096,53.9394],[23.7323,53.9299],[23.7643,53.9244],[23.7736,53.9111],[23.7808,53.9113],[23.7739,53.9031],[23.777,53.8992],[23.797,53.8998],[23.8155,53.9089],[23.8167,53.918],[23.7992,53.9269],[23.797,53.9334],[23.8345,53.9548],[23.8013,53.9813],[23.8334,53.9968],[23.8626,54.022],[23.8596,54.0301],[23.8452,54.018],[23.8344,54.0281],[23.8411,54.0417],[23.8508,54.0481],[23.8372,54.0628],[23.8412,54.0726],[23.8511,54.0773],[23.8537,54.0892],[23.7992,54.1062],[23.8053,54.1187],[23.7992,54.128],[23.8078,54.1351],[23.802,54.1438],[23.8303,54.1473],[23.8292,54.1522],[23.8575,54.1576],[23.8745,54.1553],[23.889,54.1688],[23.8889,54.1807],[23.9048,54.1728],[23.9246,54.1793],[23.945,54.1737],[23.9665,54.1759],[23.9492,54.1919],[23.9602,54.2055],[23.9641,54.2357],[23.9711,54.2495],[23.9835,54.255],[23.9587,54.2644],[23.9446,54.2547],[23.9427,54.2607],[23.933,54.2609],[23.9119,54.2868],[23.8733,54.283],[23.8441,54.2867],[23.8368,54.2774],[23.8317,54.2775],[23.824,54.2835],[23.8237,54.2917],[23.7982,54.2932],[23.7821,54.3072],[23.7619,54.3165],[23.7489,54.331],[23.7242,54.3379],[23.6788,54.3245],[23.66,54.3463],[23.6369,54.3448],[23.6347,54.3529],[23.6028,54.3393],[23.5628,54.3397],[23.5628,54.3699]]]}},{"type":"Feature","properties":{"code":"18","name":"Marijampolės sav."},"geometry":{"type":"Polygon","coordinates":[[[23.5911,54.6485],[23.5571,54.6444],[23.5446,54.6313],[23.5403,54.6352],[23.5441,54.639],[23.5218,54.6591],[23.5137,54.6585],[23.5104,54.6668],[23.5171,54.6679],[23.5156,54.6718],[23.4913,54.6738],[23.4829,54.6959],[23.4868,54.704],[23.4614,54.7069],[23.4563,54.6946],[23.4366,54.696],[23.4343,54.701],[23.4284,54.7011],[23.4012,54.6911],[23.3808,54.7028],[23.3571,54.7002],[23.3525,54.6909],[23.3454,54.692],[23.3426,54.6875],[23.3472,54.6866],[23.3442,54.6727],[23.3334,54.6656],[23.3152,54.6674],[23.2919,54.6159],[23.2965,54.6145],[23.264,54.5841],[23.2631,54.5758],[23.2567,54.5715],[23.2267,54.5823],[23.1877,54.577],[23.1825,54.5531],[23.2098,54.5413],[23.1911,54.5139],[23.1941,54.5094],[23.1685,54.5111],[23.1695,54.506],[23.1595,54.5023],[23.1534,54.488],[23.2595,54.4603],[23.2726,54.4778],[23.3333,54.4739],[23.331,54.4629],[23.3152,54.4542],[23.3141,54.4424],[23.3423,54.4381],[23.3501,54.4311],[23.345,54.4253],[23.3134,54.427],[23.315,54.4202],[23.3952,54.3961],[23.3915,54.3957],[23.3998,54.3679],[23.4448,54.3658],[23.4386,54.3779],[23.4417,54.387],[23.4382,54.3896],[23.4433,54.3926],[23.433,54.4014],[23.4541,54.3987],[23.4882,54.4149],[23.512,54.4143],[23.5105,54.466],[23.5311,54.4662],[23.5981,54.4867],[23.6131,54.4868],[23.6245,54.5082],[23.6404,54.5131],[23.6569,54.5119],[23.6691,54.5026],[23.684,54.4742],[23.7139,54.4839],[23.7252,54.4728],[23.7515,54.4657],[23.7585,54.4788],[23.7844,54.4907],[23.7823,54.4973],[23.7937,54.5031],[23.7594,54.5266],[23.7562,54.5428],[23.7497,54.5497],[23.7029,54.5413],[23.6942,54.5563],[23.6807,54.5596],[23.6582,54.5827],[23.6992,54.5936],[23.6752,54.6163],[23.6368,54.6134],[23.6486,54.6215],[23.6472,54.6243],[23.6293,54.6214],[23.6252,54.6288],[23.6725,54.64],[23.6522,54.6464],[23.6336,54.6438],[23.6174,54.6504],[23.5911,54.6485]]]}},{"type":"Feature","properties":{"code":"39","name":"Vilkaviškio r. sav."},"geometry":{"type":"Polygon","coordinates":[[[23.0854,54.746],[23.0587,54.756],[23.0567,54.7604],[23.0167,54.7632],[23.0113,54.7906],[22.9769,54.7907],[22.9589,54.7876],[22.9466,54.7776],[22.9045,54.785],[22.8931,54.7823],[22.8891,54.7778],[22.8936,54.7764],[22.8715,54.7615],[22.8593,54.7617],[22.8629,54.7669],[22.8509,54.7718],[22.8439,54.7666],[22.8308,54.7688],[22.8265,54.764],[22.813,54.7664],[22.8049,54.7543],[22.8157,54.7556],[22.8063,54.7525],[22.8071,54.748],[22.7997,54.7475],[22.7996,54.7532],[22.7906,54.7543],[22.7825,54.7491],[22.7741,54.7512],[22.7767,54.7487],[22.7668,54.7381],[22.7436,54.7316],[22.7381,54.726],[22.7389,54.7158],[22.748,54.7121],[22.7487,54.7065],[22.737,54.703],[22.7385,54.6987],[22.7292,54.6979],[22.7234,54.686],[22.7288,54.6789],[22.7375,54.6797],[22.7406,54.6735],[22.7292,54.6684],[22.757,54.6527],[22.7417,54.6429],[22.75,54.6388],[22.7454,54.6269],[22.7266,54.6229],[22.72,54.6066],[22.6856,54.5905],[22.685,54.5811],[22.7007,54.5766],[22.7002,54.5695],[22.7136,54.5638],[22.6813,54.5356],[22.6815,54.5241],[22.6994,54.5074],[22.6959,54.5049],[22.7043,54.4679],[22.7016,54.4534],[22.7364,54.4429],[22.7671,54.3848],[22.784,54.3676],[22.7921,54.3634],[22.8115,54.371],[22.8364,54.4065],[22.8551,54.4103],[22.8881,54.4091],[22.8876,54.4],[22.9839,54.3896],[22.9848,54.3846],[23.002,54.3837],[23.0053,54.4013],[23.0201,54.4008],[23.0206,54.4043],[22.9937,54.4091],[22.9964,54.4231],[22.9896,54.4236],[22.9937,54.4449],[23.034,54.4452],[23.035,54.4512],[23.087,54.4506],[23.1094,54.4698],[23.107,54.482],[23.1147,54.485],[23.1426,54.482],[23.1534,54.488],[23.1595,54.5023],[23.1695,54.506],[23.1685,54.5111],[23.1941,54.5094],[23.1911,54.5139],[23.2098,54.5413],[23.1825,54.5531],[23.1877,54.577],[23.2267,54.5823],[23.2567,54.5715],[23.2631,54.5758],[23.264,54.5841],[23.2965,54.6145],[23.2919,54.6159],[23.3152,54.6674],[23.3334,54.6656],[23.3445,54.6735],[23.3472,54.6866],[23.3355,54.692],[23.2752,54.704],[23.2811,54.7165],[23.2777,54.7167],[23.2778,54.7262],[23.2827,54.7272],[23.2847,54.7546],[23.2663,54.7522],[23.242,54.7387],[23.227,54.7402],[23.2029,54.7334],[23.2008,54.7289],[23.1787,54.7253],[23.1665,54.7291],[23.1556,54.7247],[23.158,54.7289],[23.1505,54.7403],[23.1241,54.7416],[23.1162,54.7488],[23.0854,54.746]]]}},{"type":"Feature","properties":{"code":"33","name":"Alytaus r. sav."},"geometry":{"type":"Polygon","coordinates":[[[24.2633,54.5615],[24.241,54.5547],[24.2059,54.5545],[24.1981,54.5375],[24.1289,54.5387],[24.1017,54.5262],[24.0985,54.541],[24.0818,54.5518],[24.0625,54.5546],[24.0297,54.5508],[24.0106,54.5441],[23.9921,54.5164],[24.0115,54.511],[24.0069,54.4986],[23.9862,54.4911],[23.9708,54.493],[23.967,54.486],[23.9051,54.4839],[23.8981,54.4769],[23.9084,54.4652],[23.8596,54.4547],[23.8585,54.4616],[23.8699,54.4611],[23.8713,54.4673],[23.8056,54.4698],[23.7994,54.4738],[23.7931,54.4705],[23.797,54.468],[23.7918,54.4602],[23.7831,54.4645],[23.7752,54.4596],[23.7638,54.4638],[23.7631,54.468],[23.7515,54.4657],[23.7252,54.4728],[23.7139,54.4839],[23.684,54.4742],[23.6621,54.509],[23.6404,54.5131],[23.6244,54.5081],[23.6131,54.4868],[23.5981,54.4867],[23.5311,54.4662],[23.5105,54.466],[23.512,54.4143],[23.5402,54.4132],[23.5671,54.4237],[23.5649,54.4058],[23.5971,54.4068],[23.5994,54.3962],[23.5818,54.3951],[23.5872,54.3698],[23.5628,54.3699],[23.5628,54.3397],[23.6028,54.3393],[23.6347,54.3529],[23.6369,54.3448],[23.66,54.3463],[23.6788,54.3245],[23.7242,54.3379],[23.7489,54.331],[23.7619,54.3165],[23.7821,54.3072],[23.7982,54.2932],[23.8237,54.2917],[23.824,54.2835],[23.8317,54.2775],[23.8368,54.2774],[23.8441,54.2867],[23.8733,54.283],[23.9119,54.2868],[23.933,54.2609],[23.9427,54.2607],[23.9446,54.2547],[23.9587,54.2644],[23.9835,54.255],[23.9711,54.2495],[23.9641,54.2357],[23.9602,54.2055],[23.9492,54.1919],[23.9634,54.1767],[23.9791,54.1742],[23.9881,54.1664],[24.0037,54.1662],[24.0106,54.1703],[24.0098,54.1771],[24.0153,54.1825],[24.0453,54.1747],[24.0637,54.1847],[24.0782,54.184],[24.078,54.2066],[24.1061,54.2074],[24.1059,54.2253],[24.124,54.2273],[24.1302,54.2335],[24.1265,54.2421],[24.1429,54.2435],[24.137,54.2507],[24.14,54.2548],[24.1314,54.2613],[24.134,54.2675],[24.1536,54.2786],[24.1891,54.2807],[24.2026,54.2701],[24.2163,54.273],[24.2117,54.2763],[24.2156,54.2786],[24.2401,54.2663],[24.3319,54.2894],[24.33,54.2998],[24.3452,54.3062],[24.3479,54.3004],[24.3709,54.3044],[24.392,54.2987],[24.3942,54.3079],[24.3864,54.309],[24.4051,54.3318],[24.401,54.3333],[24.3902,54.3249],[24.3755,54.333],[24.3923,54.3411],[24.3891,54.3478],[24.3939,54.3512],[24.4042,54.3502],[24.3827,54.3534],[24.4019,54.3605],[24.3973,54.3726],[24.4079,54.3764],[24.4133,54.3718],[24.4267,54.3736],[24.4482,54.353],[24.4541,54.3563],[24.4681,54.3527],[24.4751,54.3572],[24.4768,54.3668],[24.4557,54.3775],[24.4522,54.3852],[24.4601,54.3896],[24.4597,54.3982],[24.4338,54.4101],[24.4322,54.4175],[24.4419,54.4208],[24.4358,54.4336],[24.4302,54.4311],[24.4329,54.4279],[24.4159,54.4267],[24.4167,54.4361],[24.4386,54.4518],[24.4333,54.4553],[24.4342,54.4641],[24.4175,54.4738],[24.4013,54.4738],[24.3937,54.4837],[24.419,54.4901],[24.4167,54.505],[24.4093,54.5051],[24.4086,54.5114],[24.4241,54.5134],[24.4043,54.5191],[24.4135,54.521],[24.4053,54.5248],[24.4143,54.5333],[24.4069,54.5363],[24.4006,54.533],[24.4016,54.5239],[24.3758,54.5251],[24.371,54.5212],[24.368,54.5246],[24.361,54.5206],[24.3442,54.5276],[24.3189,54.5219],[24.2733,54.5295],[24.2663,54.5418],[24.2648,54.5567],[24.2769,54.5604],[24.2633,54.5615]],[[24.0068,54.3711],[23.9852,54.3711],[23.9948,54.3832],[24.0034,54.3855],[23.9984,54.3924],[23.9586,54.3938],[24.0015,54.4103],[24.0056,54.419],[24.0012,54.427],[24.0094,54.4425],[24.0415,54.4333],[24.0494,54.4385],[24.0729,54.4407],[24.0659,54.4337],[24.045,54.4282],[24.0401,54.4201],[24.0616,54.4219],[24.073,54.4151],[24.0686,54.4108],[24.0756,54.4051],[24.0849,54.4072],[24.1023,54.397],[24.0805,54.3929],[24.0898,54.3861],[24.0914,54.3679],[24.0733,54.376],[24.0624,54.3642],[24.0318,54.3774],[24.0182,54.3786],[24.0092,54.3767],[24.0068,54.3711]]]}},{"type":"Feature","properties":{"code":"86","name":"Švenčionių r. sav."},"geometry":{"type":"Polygon","coordinates":[[[25.8423,55.2789],[25.8084,55.2779],[25.8061,55.3065],[25.7941,55.3008],[25.7713,55.3176],[25.7344,55.2991],[25.7436,55.3065],[25.7381,55.3073],[25.7232,55.2959],[25.7296,55.2949],[25.7266,55.2911],[25.7105,55.2869],[25.7152,55.2802],[25.7049,55.2705],[25.7067,55.2632],[25.679,55.2718],[25.6881,55.2624],[25.6844,55.2587],[25.6989,55.2565],[25.6941,55.2464],[25.7029,55.2483],[25.7078,55.2405],[25.6792,55.2453],[25.6629,55.2325],[25.6656,55.2267],[25.6585,55.222],[25.666,55.2201],[25.6609,55.2154],[25.6751,55.215],[25.6602,55.207],[25.6528,55.2089],[25.6496,55.2034],[25.6521,55.2003],[25.6478,55.197],[25.6543,55.1847],[25.6821,55.1786],[25.6855,55.1729],[25.7091,55.1725],[25.708,55.1431],[25.7217,55.1446],[25.7257,55.1373],[25.7394,55.1353],[25.7414,55.1312],[25.752,55.1336],[25.7633,55.1254],[25.7914,55.1208],[25.7973,55.1266],[25.8004,55.1232],[25.7899,55.1142],[25.782,55.1149],[25.7749,55.1032],[25.7644,55.105],[25.7645,55.1095],[25.7618,55.1051],[25.7507,55.1053],[25.754,55.1008],[25.7468,55.0979],[25.7628,55.0977],[25.7677,55.0842],[25.7504,55.0833],[25.748,55.0885],[25.7393,55.0811],[25.7307,55.0829],[25.7324,55.0757],[25.7387,55.0743],[25.7433,55.0798],[25.7566,55.0797],[25.7564,55.0736],[25.7391,55.0599],[25.7481,55.0585],[25.7354,55.0526],[25.745,55.049],[25.7418,55.0399],[25.7592,55.0428],[25.7603,55.0393],[25.711,55.0359],[25.7051,55.0405],[25.7061,55.0471],[25.6962,55.0423],[25.6661,55.0407],[25.6614,55.0494],[25.656,55.0499],[25.6613,55.0529],[25.6568,55.0599],[25.6463,55.0578],[25.6253,55.0652],[25.6102,55.0591],[25.5782,55.0638],[25.5795,55.0529],[25.5734,55.048],[25.5511,55.0541],[25.5325,55.0531],[25.5265,55.042],[25.5297,55.035],[25.5423,55.0318],[25.5418,55.0261],[25.5607,55.015],[25.5865,55.0097],[25.5964,54.9941],[25.6336,54.9877],[25.6277,54.9821],[25.6336,54.9783],[25.6664,54.9785],[25.6694,54.9641],[25.6874,54.9653],[25.6936,54.9542],[25.6653,54.9474],[25.6593,54.9373],[25.6545,54.9396],[25.6419,54.9297],[25.6504,54.9266],[25.6392,54.9174],[25.6411,54.8998],[25.6631,54.8938],[25.6927,54.896],[25.6942,54.8855],[25.703,54.8784],[25.7023,54.8639],[25.7109,54.8588],[25.7211,54.8576],[25.745,54.8651],[25.7427,54.8315],[25.7519,54.8228],[25.7735,54.8234],[25.7844,54.8396],[25.7792,54.8439],[25.7796,54.8548],[25.8078,54.8669],[25.8111,54.8729],[25.8164,54.8731],[25.8129,54.8765],[25.8165,54.8793],[25.8532,54.8967],[25.8593,54.9056],[25.8541,54.9114],[25.8608,54.9185],[25.8533,54.9189],[25.8581,54.9276],[25.8779,54.9297],[25.8838,54.9368],[25.9085,54.9314],[25.943,54.9474],[25.9842,54.9579],[25.9905,54.9579],[25.9903,54.9518],[26.023,54.9431],[26.0616,54.9417],[26.0526,54.9475],[26.0803,54.9547],[26.0726,54.9632],[26.0764,54.9702],[26.1099,54.9719],[26.1187,54.9799],[26.1159,54.9882],[26.1402,54.9855],[26.1563,54.9924],[26.1837,54.9904],[26.2087,54.9974],[26.2094,55.0124],[26.2169,55.014],[26.242,55.0402],[26.2376,55.0509],[26.2447,55.0515],[26.245,55.0564],[26.236,55.0584],[26.2369,55.0647],[26.2464,55.0699],[26.2638,55.0668],[26.2616,55.0736],[26.2713,55.0776],[26.2293,55.1056],[26.2607,55.1213],[26.3016,55.1252],[26.3113,55.1291],[26.3013,55.1334],[26.3291,55.137],[26.3234,55.1449],[26.3486,55.1463],[26.3551,55.1506],[26.3926,55.1431],[26.3912,55.1377],[26.3962,55.1339],[26.4238,55.1408],[26.4506,55.1328],[26.4576,55.1364],[26.4613,55.1285],[26.4778,55.1377],[26.4803,55.1485],[26.5172,55.1607],[26.5401,55.1434],[26.5912,55.1539],[26.618,55.1467],[26.6536,55.1609],[26.6686,55.1559],[26.6768,55.1589],[26.6778,55.1703],[26.6941,55.1668],[26.7059,55.172],[26.7004,55.1783],[26.6871,55.1775],[26.6766,55.1888],[26.6749,55.1974],[26.6937,55.2056],[26.7007,55.2005],[26.7296,55.2157],[26.7257,55.2383],[26.7433,55.252],[26.7394,55.2566],[26.7591,55.263],[26.6672,55.2613],[26.6595,55.2557],[26.6456,55.2651],[26.633,55.2593],[26.6247,55.2618],[26.6126,55.2534],[26.6285,55.2501],[26.6267,55.2463],[26.6127,55.247],[26.617,55.241],[26.5968,55.2287],[26.5681,55.2283],[26.554,55.2193],[26.5405,55.2254],[26.524,55.2251],[26.5182,55.2143],[26.4945,55.217],[26.4849,55.2127],[26.4576,55.2188],[26.4484,55.2092],[26.4199,55.2179],[26.4004,55.2163],[26.3806,55.2243],[26.342,55.2188],[26.3363,55.2272],[26.3304,55.219],[26.2954,55.2249],[26.2839,55.2287],[26.2845,55.2322],[26.2646,55.2235],[26.2295,55.2456],[26.222,55.2378],[26.2126,55.2362],[26.1991,55.2357],[26.1957,55.2402],[26.1862,55.222],[26.1538,55.225],[26.153,55.2297],[26.1678,55.2458],[26.1832,55.2516],[26.1483,55.2631],[26.1492,55.2759],[26.1398,55.2788],[26.1472,55.2825],[26.1447,55.2877],[26.1313,55.2873],[26.122,55.2937],[26.1009,55.2872],[26.0902,55.2928],[26.061,55.2962],[26.0624,55.3075],[26.0588,55.3097],[26.056,55.2938],[26.0638,55.2942],[26.061,55.2912],[26.0472,55.299],[26.0197,55.2866],[26.0433,55.2883],[26.0295,55.2755],[26.0011,55.2776],[25.9864,55.2717],[25.9606,55.2829],[25.9403,55.2801],[25.9396,55.2866],[25.9342,55.2866],[25.9296,55.2864],[25.93,55.2757],[25.9149,55.2823],[25.9133,55.276],[25.9072,55.2742],[25.8924,55.2793],[25.8974,55.2814],[25.8961,55.2891],[25.8652,55.3028],[25.85,55.297],[25.8405,55.2987],[25.846,55.29],[25.8417,55.2871],[25.8423,55.2789]]]}},{"type":"Feature","properties":{"code":"94","name":"Jurbarko r. sav."},"geometry":{"type":"Polygon","coordinates":[[[22.8029,55.3764],[22.7926,55.3813],[22.7625,55.3758],[22.7528,55.3899],[22.6324,55.369],[22.6438,55.3555],[22.634,55.3534],[22.6373,55.3474],[22.6208,55.3442],[22.6266,55.336],[22.6223,55.3303],[22.6326,55.3299],[22.6361,55.3215],[22.6323,55.3185],[22.6443,55.3201],[22.6396,55.3117],[22.5434,55.3137],[22.5383,55.3043],[22.5254,55.3045],[22.5344,55.2949],[22.5242,55.2906],[22.532,55.2887],[22.5363,55.2819],[22.5434,55.2821],[22.5375,55.2738],[22.5503,55.2702],[22.5468,55.2643],[22.5793,55.2601],[22.5769,55.2503],[22.5838,55.2471],[22.5815,55.2392],[22.5627,55.234],[22.5736,55.197],[22.579,55.1969],[22.5828,55.1904],[22.5803,55.1848],[22.5715,55.1841],[22.577,55.1799],[22.5746,55.174],[22.5977,55.1706],[22.5963,55.1666],[22.5798,55.1677],[22.5898,55.1574],[22.5802,55.1348],[22.5473,55.141],[22.4329,55.1267],[22.4329,55.1402],[22.3864,55.1344],[22.3806,55.1478],[22.3463,55.1433],[22.3437,55.1503],[22.2935,55.1429],[22.3068,55.1392],[22.306,55.1354],[22.2898,55.141],[22.2693,55.141],[22.2776,55.1336],[22.2597,55.1182],[22.2686,55.1124],[22.2618,55.1091],[22.2773,55.0643],[22.4243,55.0542],[22.4666,55.0443],[22.5461,55.0655],[22.5884,55.0703],[22.636,55.0523],[22.6618,55.0493],[22.74,55.0592],[22.7766,55.0752],[22.8123,55.0758],[22.8548,55.089],[22.9282,55.0823],[23.0394,55.1036],[23.3451,55.0664],[23.3856,55.0741],[23.4123,55.0739],[23.4401,55.0839],[23.441,55.0906],[23.454,55.1043],[23.4714,55.1127],[23.4737,55.1209],[23.4805,55.1245],[23.4794,55.1396],[23.4834,55.1454],[23.4776,55.1484],[23.4818,55.1521],[23.4822,55.1691],[23.5044,55.1933],[23.4414,55.2084],[23.439,55.2151],[23.4075,55.2051],[23.3947,55.2148],[23.3711,55.2113],[23.3605,55.2148],[23.3647,55.2239],[23.3569,55.2391],[23.2981,55.2381],[23.294,55.2302],[23.283,55.2297],[23.2383,55.2342],[23.2114,55.23],[23.2097,55.2366],[23.1819,55.2325],[23.1803,55.2419],[23.1853,55.246],[23.1792,55.2687],[23.1688,55.2651],[23.1545,55.2685],[23.1423,55.2612],[23.1026,55.2555],[23.0986,55.2601],[23.0712,55.2628],[23.0651,55.2496],[22.9966,55.2533],[23.0236,55.2752],[22.9733,55.2874],[22.981,55.3141],[22.945,55.3126],[22.9367,55.3225],[22.9295,55.3204],[22.9352,55.3116],[22.902,55.3096],[22.9009,55.2997],[22.8795,55.299],[22.8747,55.2948],[22.8774,55.2887],[22.8642,55.2862],[22.8728,55.3017],[22.8653,55.2983],[22.8687,55.3017],[22.8577,55.3086],[22.8609,55.3117],[22.8429,55.3145],[22.8418,55.3248],[22.8187,55.3218],[22.8096,55.3252],[22.8103,55.3299],[22.7901,55.3303],[22.795,55.343],[22.8075,55.3434],[22.8125,55.3485],[22.8077,55.3537],[22.8132,55.3678],[22.8047,55.37],[22.8029,55.3764]]]}},{"type":"Feature","properties":{"code":"62","name":"Molėtų r. sav."},"geometry":{"type":"Polygon","coordinates":[[[25.5306,55.39],[25.5199,55.3925],[25.5046,55.384],[25.4974,55.3857],[25.4882,55.3888],[25.4873,55.3962],[25.4788,55.3956],[25.4763,55.4033],[25.4544,55.396],[25.4524,55.3902],[25.4309,55.3919],[25.4356,55.4031],[25.4175,55.4193],[25.385,55.4256],[25.3987,55.4215],[25.3971,55.4147],[25.3751,55.4087],[25.3683,55.3887],[25.3285,55.3946],[25.2639,55.385],[25.2397,55.3903],[25.2277,55.4028],[25.2185,55.4042],[25.2143,55.3991],[25.1928,55.4069],[25.1694,55.394],[25.1666,55.3902],[25.1728,55.3847],[25.1705,55.3788],[25.1541,55.3697],[25.1146,55.3754],[25.0799,55.3588],[25.0811,55.3507],[25.0932,55.3438],[25.113,55.3421],[25.1158,55.3353],[25.1312,55.3253],[25.1042,55.3156],[25.0838,55.318],[25.0701,55.3142],[25.0838,55.3015],[25.0843,55.2954],[25.0798,55.2928],[25.1011,55.2917],[25.1004,55.2846],[25.1108,55.2798],[25.1062,55.2648],[25.1402,55.2576],[25.1414,55.2516],[25.1588,55.2643],[25.1878,55.2674],[25.1783,55.2368],[25.1575,55.2215],[25.178,55.2083],[25.2122,55.2135],[25.2274,55.205],[25.2315,55.1931],[25.2417,55.1973],[25.2468,55.1958],[25.2444,55.192],[25.2563,55.1949],[25.2674,55.1915],[25.266,55.1881],[25.2391,55.1884],[25.2429,55.1852],[25.2272,55.1793],[25.233,55.17],[25.2268,55.1652],[25.1915,55.1538],[25.1671,55.1518],[25.1667,55.1434],[25.1753,55.1387],[25.1644,55.1302],[25.1569,55.1301],[25.162,55.1185],[25.1488,55.1115],[25.1559,55.1045],[25.1477,55.0957],[25.1568,55.0893],[25.1632,55.0968],[25.1698,55.0968],[25.1831,55.0917],[25.2088,55.0948],[25.2112,55.09],[25.2216,55.0882],[25.2263,55.0812],[25.2218,55.0769],[25.2258,55.0692],[25.2358,55.0629],[25.2278,55.056],[25.2137,55.0539],[25.222,55.0415],[25.2803,55.0463],[25.3023,55.0452],[25.3095,55.0373],[25.3311,55.0315],[25.3815,55.0309],[25.3976,55.0401],[25.4212,55.0332],[25.4403,55.034],[25.4964,55.0431],[25.5265,55.0406],[25.5361,55.0538],[25.5734,55.048],[25.5795,55.0529],[25.5782,55.0638],[25.6102,55.0591],[25.6253,55.0652],[25.6463,55.0578],[25.6568,55.0599],[25.6613,55.0529],[25.656,55.0499],[25.6614,55.0494],[25.6661,55.0407],[25.6962,55.0423],[25.7061,55.0471],[25.7051,55.0405],[25.711,55.0359],[25.7603,55.0393],[25.7592,55.0428],[25.7418,55.0399],[25.745,55.049],[25.7354,55.0526],[25.7481,55.0585],[25.7391,55.0599],[25.7564,55.0736],[25.7566,55.0797],[25.7433,55.0798],[25.7387,55.0743],[25.7324,55.0757],[25.7307,55.0829],[25.7393,55.0811],[25.748,55.0885],[25.7504,55.0833],[25.7677,55.0842],[25.7628,55.0977],[25.7468,55.0979],[25.754,55.1008],[25.7507,55.1053],[25.7618,55.1051],[25.7645,55.1095],[25.7644,55.105],[25.7749,55.1032],[25.782,55.1149],[25.7899,55.1142],[25.8004,55.1232],[25.7973,55.1266],[25.7914,55.1208],[25.7633,55.1254],[25.752,55.1336],[25.7414,55.1312],[25.7394,55.1353],[25.7257,55.1373],[25.7217,55.1446],[25.708,55.1431],[25.7091,55.1725],[25.6855,55.1729],[25.6821,55.1786],[25.6543,55.1847],[25.6478,55.197],[25.6528,55.2089],[25.6602,55.207],[25.6751,55.215],[25.6609,55.2154],[25.666,55.2201],[25.6585,55.222],[25.6656,55.2267],[25.6629,55.2325],[25.6792,55.2453],[25.7078,55.2405],[25.7029,55.2483],[25.6941,55.2464],[25.6989,55.2565],[25.6844,55.2587],[25.6881,55.2624],[25.6789,55.2718],[25.7068,55.2633],[25.7049,55.2705],[25.7152,55.2802],[25.7105,55.2869],[25.7255,55.2903],[25.7296,55.2948],[25.7232,55.2959],[25.7342,55.3026],[25.7304,55.3067],[25.7166,55.3068],[25.7221,55.3072],[25.7245,55.3146],[25.7328,55.3147],[25.7273,55.3224],[25.7428,55.3181],[25.7353,55.3343],[25.7476,55.3337],[25.7487,55.345],[25.7574,55.3445],[25.7573,55.3541],[25.7533,55.3546],[25.7574,55.3622],[25.7525,55.3636],[25.7544,55.3592],[25.7487,55.3579],[25.7156,55.3702],[25.7137,55.3748],[25.6975,55.3689],[25.6927,55.3735],[25.6944,55.3809],[25.6794,55.3789],[25.6826,55.375],[25.6452,55.3713],[25.6381,55.3728],[25.6452,55.375],[25.6374,55.3819],[25.6056,55.3806],[25.5717,55.3866],[25.5664,55.3811],[25.5401,55.3769],[25.5332,55.3793],[25.5361,55.3873],[25.5306,55.39]]]}},{"type":"Feature","properties":{"code":"21","name":"Klaipėdos m. sav."},"geometry":{"type":"Polygon","coordinates":[[[21.1384,55.7807],[21.1379,55.7963],[21.118,55.7807],[21.0983,55.7739],[21.0949,55.7791],[21.0768,55.7769],[21.0859,55.7333],[21.0795,55.7305],[21.0809,55.7265],[21.0941,55.7223],[21.1032,55.667],[21.134,55.673],[21.1293,55.6572],[21.1326,55.6323],[21.172,55.6348],[21.1894,55.6128],[21.1959,55.6139],[21.1758,55.6429],[21.2336,55.6451],[21.2307,55.6486],[21.2398,55.6501],[21.223,55.6748],[21.237,55.68],[21.2346,55.6831],[21.2209,55.6778],[21.1706,55.7529],[21.1539,55.7669],[21.1356,55.7717],[21.1384,55.7807]]]}},{"type":"Feature","properties":{"code":"25","name":"Palangos m. sav."},"geometry":{"type":"Polygon","coordinates":[[[21.1257,55.9784],[21.1272,55.9972],[21.1226,56.0123],[21.1123,56.0116],[21.1135,56.0181],[21.1193,56.0327],[21.1357,56.0329],[21.1389,56.0449],[21.1186,56.0465],[21.1227,56.0772],[21.0642,56.0691],[21.0723,56.0405],[21.0704,55.973],[21.0595,55.9366],[21.0483,55.9191],[21.0583,55.8552],[21.084,55.8577],[21.0822,55.8635],[21.0935,55.8612],[21.0898,55.8698],[21.1052,55.9054],[21.0998,55.9094],[21.1064,55.9097],[21.1271,55.9374],[21.1239,55.9444],[21.117,55.9448],[21.1228,55.9534],[21.1299,55.9548],[21.1221,55.9591],[21.1257,55.9634],[21.1212,55.9728],[21.1257,55.9784]]]}},{"type":"Feature","properties":{"code":"58","name":"Kazlų Rūdos sav."},"geometry":{"type":"Polygon","coordinates":[[[23.4824,54.8878],[23.4755,54.9287],[23.3941,54.9488],[23.3938,54.9369],[23.334,54.8854],[23.3143,54.8898],[23.2876,54.8782],[23.2993,54.8746],[23.2753,54.8492],[23.2804,54.8434],[23.2916,54.8428],[23.2902,54.8312],[23.3054,54.8282],[23.2998,54.8132],[23.2888,54.8125],[23.2684,54.783],[23.271,54.7747],[23.2938,54.7633],[23.2836,54.7552],[23.2827,54.7272],[23.2778,54.7262],[23.2777,54.7167],[23.2811,54.7165],[23.2752,54.704],[23.295,54.6971],[23.3045,54.6994],[23.3289,54.6941],[23.3423,54.6867],[23.3627,54.7013],[23.3808,54.7028],[23.4012,54.6911],[23.4284,54.7011],[23.4343,54.701],[23.4366,54.696],[23.4563,54.6946],[23.4614,54.7069],[23.4868,54.704],[23.4829,54.6959],[23.4913,54.6738],[23.5156,54.6718],[23.5171,54.6679],[23.5104,54.6668],[23.5137,54.6585],[23.5218,54.6591],[23.5441,54.639],[23.5403,54.6352],[23.5446,54.6313],[23.5571,54.6444],[23.5633,54.6424],[23.5806,54.6495],[23.6565,54.6452],[23.6598,54.6501],[23.6566,54.6531],[23.6736,54.6573],[23.662,54.6822],[23.6332,54.7102],[23.6631,54.7201],[23.6371,54.7463],[23.6477,54.7593],[23.6452,54.7687],[23.6135,54.7611],[23.5857,54.7614],[23.5865,54.7666],[23.6031,54.7663],[23.6179,54.7732],[23.6328,54.7872],[23.6221,54.7907],[23.6219,54.7961],[23.6316,54.7954],[23.6415,54.8044],[23.6077,54.8237],[23.6252,54.8403],[23.5979,54.8525],[23.5895,54.844],[23.5804,54.8453],[23.5802,54.8549],[23.5741,54.8536],[23.5454,54.867],[23.5509,54.8726],[23.5757,54.8691],[23.584,54.8743],[23.5418,54.8954],[23.5068,54.8873],[23.5105,54.8799],[23.4824,54.8878]]]}},{"type":"Feature","properties":{"code":"48","name":"Kalvarijos sav."},"geometry":{"type":"Polygon","coordinates":[[[23.2726,54.4778],[23.2595,54.4603],[23.156,54.4886],[23.1433,54.4857],[23.1426,54.482],[23.1147,54.485],[23.107,54.482],[23.1094,54.4698],[23.087,54.4506],[23.035,54.4512],[23.034,54.4452],[22.9937,54.4449],[22.9896,54.4236],[22.9964,54.4231],[22.9937,54.4091],[23.0206,54.4043],[23.0201,54.4008],[23.0053,54.4013],[23.002,54.3837],[23.0103,54.3828],[22.9939,54.3619],[23.0582,54.3453],[23.0633,54.341],[23.051,54.3335],[23.0422,54.316],[23.0922,54.2985],[23.1404,54.316],[23.1488,54.3144],[23.1598,54.3096],[23.1542,54.2971],[23.2024,54.2887],[23.2339,54.2609],[23.2489,54.2568],[23.2818,54.2607],[23.3213,54.2534],[23.3229,54.2699],[23.331,54.2698],[23.3312,54.278],[23.3124,54.2971],[23.3448,54.3106],[23.3368,54.327],[23.3463,54.3318],[23.3477,54.3468],[23.3591,54.3449],[23.3685,54.3512],[23.3655,54.3592],[23.3932,54.3626],[23.4011,54.3692],[23.3915,54.3957],[23.3961,54.3955],[23.315,54.4202],[23.3134,54.427],[23.345,54.4253],[23.3501,54.4311],[23.3423,54.4381],[23.3141,54.4424],[23.3152,54.4542],[23.331,54.4629],[23.3333,54.4739],[23.2726,54.4778]]]}},{"type":"Feature","properties":{"code":"13","name":"Vilniaus m. sav."},"geometry":{"type":"Polygon","coordinates":[[[25.3594,54.8063],[25.3509,54.8144],[25.3502,54.8084],[25.3292,54.8105],[25.3215,54.8182],[25.3344,54.8236],[25.3144,54.8323],[25.2845,54.8232],[25.2852,54.8136],[25.294,54.8096],[25.2891,54.8084],[25.2884,54.7954],[25.2757,54.7942],[25.2741,54.7783],[25.2845,54.7785],[25.2848,54.7744],[25.265,54.777],[25.2682,54.7727],[25.2479,54.7667],[25.2408,54.7574],[25.2183,54.7562],[25.2141,54.7502],[25.203,54.7595],[25.1825,54.7489],[25.1747,54.7534],[25.1737,54.7476],[25.181,54.7445],[25.1765,54.7437],[25.1903,54.7359],[25.195,54.7359],[25.1933,54.7415],[25.205,54.7453],[25.2057,54.7282],[25.2008,54.726],[25.1992,54.7131],[25.1884,54.7154],[25.1873,54.7216],[25.1543,54.7297],[25.1476,54.7247],[25.1526,54.715],[25.1489,54.7114],[25.1348,54.7061],[25.1132,54.709],[25.101,54.7022],[25.1348,54.6954],[25.1801,54.7012],[25.1895,54.6809],[25.1729,54.6723],[25.166,54.6726],[25.1598,54.6804],[25.1423,54.6814],[25.1163,54.6731],[25.0829,54.6815],[25.0812,54.6867],[25.0682,54.6903],[25.0719,54.674],[25.0795,54.6646],[25.1113,54.6638],[25.1036,54.6604],[25.1101,54.6559],[25.0742,54.6556],[25.0744,54.6439],[25.0682,54.6428],[25.0764,54.6395],[25.0246,54.6232],[25.0661,54.6196],[25.0785,54.599],[25.084,54.6052],[25.0993,54.609],[25.1111,54.6038],[25.1154,54.6011],[25.1144,54.5923],[25.0926,54.5898],[25.1154,54.5787],[25.1213,54.5697],[25.1316,54.5737],[25.1287,54.5788],[25.1381,54.5791],[25.1571,54.5709],[25.1864,54.5695],[25.1851,54.5914],[25.1775,54.5979],[25.1628,54.5996],[25.1733,54.6067],[25.2007,54.6007],[25.2115,54.5879],[25.2251,54.5878],[25.2338,54.5822],[25.2333,54.5766],[25.2407,54.5748],[25.2494,54.5769],[25.2365,54.5837],[25.2403,54.5927],[25.2876,54.5928],[25.3141,54.5994],[25.3137,54.6027],[25.3309,54.6097],[25.3215,54.6177],[25.3207,54.6255],[25.3278,54.6265],[25.3206,54.6313],[25.3198,54.6456],[25.3237,54.6486],[25.3628,54.6397],[25.3826,54.664],[25.4042,54.6698],[25.4094,54.6807],[25.437,54.6737],[25.4511,54.6783],[25.4456,54.6817],[25.4494,54.6853],[25.4803,54.686],[25.4796,54.697],[25.4602,54.6968],[25.4644,54.7084],[25.4519,54.7056],[25.4275,54.7158],[25.4271,54.7091],[25.4136,54.7121],[25.412,54.7184],[25.4083,54.7179],[25.412,54.7282],[25.4256,54.7299],[25.4271,54.739],[25.4405,54.7441],[25.4515,54.7409],[25.455,54.8017],[25.4157,54.7992],[25.416,54.8037],[25.4096,54.8054],[25.3772,54.8058],[25.3774,54.8158],[25.3607,54.8164],[25.359,54.82],[25.3662,54.826],[25.3565,54.8189],[25.3594,54.8063]]]}},{"type":"Feature","properties":{"code":"82","name":"Utenos r. sav."},"geometry":{"type":"Polygon","coordinates":[[[25.6863,55.7149],[25.679,55.7407],[25.6604,55.7391],[25.6592,55.7347],[25.6452,55.7303],[25.6189,55.7374],[25.6119,55.7344],[25.6045,55.7389],[25.6048,55.7433],[25.5934,55.7389],[25.5827,55.7217],[25.543,55.731],[25.5371,55.7188],[25.5193,55.7209],[25.4958,55.7063],[25.4919,55.7011],[25.4989,55.7004],[25.4978,55.6942],[25.4878,55.6865],[25.4992,55.6831],[25.4841,55.6654],[25.4911,55.6634],[25.486,55.6579],[25.4753,55.6605],[25.4526,55.6443],[25.4574,55.6394],[25.494,55.632],[25.4999,55.626],[25.4844,55.6175],[25.4925,55.6155],[25.4931,55.6103],[25.4806,55.6021],[25.4774,55.6072],[25.4613,55.6116],[25.4551,55.6024],[25.4299,55.5966],[25.418,55.5883],[25.4154,55.5824],[25.4275,55.558],[25.4059,55.5514],[25.4209,55.5311],[25.4072,55.5188],[25.4232,55.5112],[25.4174,55.5061],[25.3991,55.5074],[25.3912,55.4989],[25.3925,55.4944],[25.3597,55.482],[25.3693,55.4726],[25.3894,55.468],[25.3857,55.4582],[25.3721,55.4509],[25.3692,55.4351],[25.3621,55.4364],[25.358,55.427],[25.3648,55.4227],[25.3885,55.4224],[25.385,55.4256],[25.4175,55.4193],[25.4356,55.4031],[25.4309,55.3919],[25.4524,55.3902],[25.4544,55.396],[25.4763,55.4033],[25.4788,55.3956],[25.4873,55.3962],[25.4882,55.3888],[25.5046,55.384],[25.5199,55.3925],[25.5269,55.3911],[25.5361,55.3873],[25.5332,55.3793],[25.5401,55.3769],[25.5664,55.3811],[25.5717,55.3866],[25.6056,55.3806],[25.6374,55.3819],[25.6452,55.375],[25.6381,55.3728],[25.6452,55.3713],[25.6826,55.375],[25.6794,55.3789],[25.6944,55.3809],[25.6927,55.3735],[25.6975,55.3689],[25.7137,55.3748],[25.7156,55.3702],[25.7487,55.3579],[25.7558,55.3636],[25.7574,55.3578],[25.7533,55.3546],[25.7573,55.3541],[25.7574,55.3445],[25.7487,55.345],[25.7476,55.3337],[25.7353,55.3343],[25.7428,55.3181],[25.7273,55.3224],[25.733,55.3149],[25.7245,55.3146],[25.7175,55.3052],[25.7432,55.3072],[25.7369,55.2991],[25.7713,55.3176],[25.7941,55.3008],[25.8061,55.3065],[25.8084,55.2779],[25.8423,55.2789],[25.8417,55.2871],[25.846,55.29],[25.8405,55.2987],[25.8662,55.3023],[25.8574,55.3049],[25.8721,55.3179],[25.8599,55.3331],[25.8741,55.3374],[25.8701,55.3384],[25.8788,55.344],[25.8874,55.3647],[25.9268,55.3474],[25.9461,55.3446],[25.9724,55.3575],[25.9742,55.3683],[25.9515,55.3743],[25.9519,55.3802],[25.9436,55.3774],[25.9454,55.3867],[25.9378,55.3979],[25.9449,55.4],[25.9316,55.401],[25.9128,55.4113],[25.9201,55.4149],[25.9376,55.4222],[25.95,55.4145],[25.9746,55.4094],[26.0058,55.4209],[26.0256,55.4126],[26.0393,55.398],[26.0525,55.3999],[26.0639,55.3935],[26.0625,55.4096],[26.0455,55.4091],[26.0431,55.4377],[26.0275,55.4371],[26.0209,55.4439],[26.026,55.4503],[26.0258,55.4637],[26.0432,55.4631],[26.0452,55.47],[25.9951,55.471],[25.9955,55.4884],[25.9826,55.4885],[25.9825,55.5078],[25.9648,55.5078],[25.965,55.5183],[25.9827,55.5181],[25.9829,55.5346],[25.9769,55.5345],[25.9761,55.5468],[25.9566,55.5578],[25.9451,55.5558],[25.9437,55.5634],[25.922,55.5789],[25.9461,55.5901],[25.914,55.6069],[25.8967,55.5983],[25.8811,55.597],[25.8573,55.6149],[25.8258,55.6283],[25.8011,55.6304],[25.8029,55.6252],[25.7967,55.6163],[25.7864,55.6151],[25.782,55.6222],[25.7763,55.6219],[25.7732,55.6374],[25.7692,55.6374],[25.7676,55.6662],[25.7601,55.6712],[25.7584,55.6872],[25.7284,55.6877],[25.7145,55.6988],[25.7044,55.7008],[25.6915,55.6981],[25.6828,55.7019],[25.6803,55.7091],[25.7003,55.7048],[25.7016,55.7106],[25.6863,55.7149]]]}},{"type":"Feature","properties":{"code":"57","name":"Kupiškio r. sav."},"geometry":{"type":"Polygon","coordinates":[[[25.0796,56.0123],[25.0568,56.0146],[25.0514,56.0077],[25.0346,56.0109],[25.0314,56.018],[25.0509,56.0326],[25.032,56.0486],[25.0154,56.0513],[24.982,56.0303],[24.9529,56.0222],[24.9202,56.0207],[24.9117,56.0149],[24.9117,56.0077],[24.8856,56.0065],[24.8777,55.9896],[24.884,55.9755],[24.8933,55.9747],[24.8891,55.9476],[24.8502,55.9501],[24.8459,55.9421],[24.8263,55.949],[24.8059,55.9343],[24.7781,55.9349],[24.7683,55.9294],[24.7605,55.9332],[24.7564,55.9228],[24.73,55.9263],[24.7247,55.9214],[24.7148,55.9229],[24.7227,55.8937],[24.7187,55.8921],[24.7279,55.8852],[24.721,55.8797],[24.7239,55.8731],[24.7404,55.8736],[24.7383,55.8508],[24.7558,55.8387],[24.7544,55.8273],[24.7589,55.8219],[24.7389,55.8114],[24.7352,55.8033],[24.7421,55.8014],[24.7433,55.7875],[24.7026,55.783],[24.7057,55.7787],[24.6977,55.7724],[24.6781,55.7718],[24.6901,55.7603],[24.6909,55.7426],[24.7042,55.7466],[24.7122,55.7376],[24.7032,55.7371],[24.6994,55.7295],[24.7155,55.7208],[24.7229,55.7252],[24.7483,55.7127],[24.7621,55.7175],[24.7799,55.7107],[24.7911,55.7104],[24.8281,55.7236],[24.8417,55.7165],[24.8486,55.7053],[24.8612,55.7093],[24.8651,55.7055],[24.8691,55.7154],[24.8661,55.7199],[24.8889,55.7226],[24.8884,55.7268],[24.9367,55.7188],[24.9749,55.736],[24.9941,55.7323],[24.9984,55.726],[25.0101,55.7316],[25.0643,55.7156],[25.0938,55.7164],[25.0855,55.7089],[25.0862,55.7044],[25.0925,55.7067],[25.0941,55.7034],[25.0874,55.6999],[25.0994,55.6823],[25.2661,55.7172],[25.3005,55.7018],[25.3112,55.7142],[25.2984,55.717],[25.2959,55.7331],[25.3208,55.7373],[25.3341,55.7322],[25.3659,55.757],[25.3561,55.7771],[25.3362,55.7963],[25.3087,55.8108],[25.2936,55.8284],[25.2987,55.8341],[25.2954,55.8367],[25.3,55.8388],[25.2955,55.8405],[25.3004,55.8414],[25.2969,55.8442],[25.3016,55.8553],[25.3204,55.8661],[25.3198,55.8723],[25.3283,55.8788],[25.3325,55.9004],[25.324,55.9246],[25.3233,55.936],[25.328,55.9407],[25.3233,55.948],[25.3119,55.9489],[25.3226,55.9582],[25.3214,55.9796],[25.2977,55.9741],[25.2992,55.9628],[25.2882,55.9642],[25.2742,55.9564],[25.2775,55.9524],[25.272,55.937],[25.2542,55.9362],[25.2257,55.9494],[25.2062,55.9457],[25.1905,55.9533],[25.14,55.9431],[25.1357,55.9524],[25.1219,55.9496],[25.0976,55.9672],[25.0627,55.971],[25.069,55.9765],[25.0647,55.9978],[25.0732,55.9989],[25.0796,56.0123]]]}},{"type":"Feature","properties":{"code":"27","name":"Panevėžio m. sav."},"geometry":{"type":"Polygon","coordinates":[[[24.3799,55.7701],[24.3664,55.7694],[24.3674,55.7639],[24.3516,55.7633],[24.3537,55.7606],[24.348,55.7584],[24.2931,55.7579],[24.2868,55.7481],[24.2901,55.7455],[24.2678,55.7448],[24.2572,55.7381],[24.2509,55.7429],[24.2403,55.7413],[24.2356,55.7352],[24.2779,55.7395],[24.2905,55.7168],[24.3129,55.7164],[24.315,55.7078],[24.3074,55.7044],[24.3138,55.7041],[24.3068,55.6978],[24.3094,55.6957],[24.3539,55.6977],[24.3512,55.7006],[24.3587,55.7019],[24.3675,55.6891],[24.3759,55.6909],[24.3862,55.7066],[24.3911,55.7032],[24.3903,55.695],[24.4225,55.7049],[24.4114,55.711],[24.3922,55.7083],[24.3895,55.7177],[24.3978,55.719],[24.3946,55.7296],[24.404,55.7413],[24.4166,55.7412],[24.4288,55.7344],[24.4217,55.742],[24.4324,55.7457],[24.4209,55.75],[24.4102,55.746],[24.397,55.7532],[24.3942,55.7491],[24.3876,55.751],[24.3836,55.754],[24.3839,55.7682],[24.3799,55.7701]]]}},{"type":"Feature","properties":{"code":"34","name":"Anykščių r. sav."},"geometry":{"type":"Polygon","coordinates":[[[25.5193,55.7209],[25.4955,55.7261],[25.5031,55.7357],[25.4737,55.7427],[25.4647,55.7314],[25.4406,55.7392],[25.4242,55.7514],[25.4031,55.7583],[25.4042,55.7618],[25.3952,55.7581],[25.3898,55.7643],[25.3636,55.761],[25.3659,55.757],[25.3341,55.7322],[25.3208,55.7373],[25.2959,55.7331],[25.2984,55.717],[25.3112,55.7142],[25.3005,55.7018],[25.2661,55.7172],[25.0994,55.6823],[25.0874,55.6999],[25.0941,55.7034],[25.0925,55.7067],[25.0862,55.7044],[25.0855,55.7089],[25.0938,55.7164],[25.0643,55.7156],[25.0101,55.7316],[24.9984,55.726],[24.9941,55.7323],[24.9749,55.736],[24.9367,55.7188],[24.8884,55.7268],[24.8889,55.7226],[24.8661,55.7199],[24.8691,55.7154],[24.8652,55.7055],[24.8612,55.7093],[24.8486,55.7053],[24.8417,55.7165],[24.8281,55.7236],[24.7911,55.7104],[24.7756,55.7109],[24.7621,55.7175],[24.7483,55.7127],[24.7229,55.7252],[24.7157,55.7207],[24.7237,55.7058],[24.7205,55.6903],[24.7134,55.6841],[24.7394,55.6802],[24.7494,55.6713],[24.7423,55.6708],[24.7338,55.6585],[24.7259,55.6555],[24.7016,55.6641],[24.7084,55.6715],[24.6928,55.6703],[24.6894,55.6652],[24.6548,55.6652],[24.6564,55.6544],[24.6623,55.6542],[24.6589,55.6476],[24.6662,55.6427],[24.693,55.6545],[24.7039,55.6507],[24.7211,55.6329],[24.7262,55.6091],[24.6775,55.6007],[24.6686,55.5826],[24.6748,55.5678],[24.6628,55.56],[24.6741,55.5522],[24.6726,55.5426],[24.653,55.524],[24.6565,55.5225],[24.6575,55.5012],[24.6626,55.4972],[24.6755,55.5034],[24.6839,55.4984],[24.6968,55.5062],[24.7197,55.4992],[24.7229,55.491],[24.7335,55.4927],[24.7435,55.4787],[24.7599,55.4789],[24.7672,55.4836],[24.774,55.4674],[24.7805,55.4677],[24.7843,55.4522],[24.8134,55.4445],[24.8197,55.4382],[24.8171,55.4225],[24.8123,55.4189],[24.7964,55.4255],[24.7828,55.4096],[24.7927,55.4053],[24.7842,55.3813],[24.7886,55.3725],[24.8296,55.3611],[24.8274,55.3575],[24.8423,55.3591],[24.851,55.3526],[24.8752,55.3598],[24.8986,55.3592],[24.8994,55.3522],[24.8908,55.3449],[24.9048,55.3399],[24.9678,55.3567],[24.9747,55.3482],[24.9838,55.3125],[24.9982,55.3058],[25.0142,55.3157],[25.0372,55.3101],[25.0517,55.3142],[25.0511,55.3077],[25.0583,55.3068],[25.0759,55.317],[25.1225,55.3195],[25.1295,55.3273],[25.1158,55.3353],[25.1128,55.3423],[25.0932,55.3438],[25.0811,55.3507],[25.0799,55.3588],[25.1146,55.3754],[25.1541,55.3697],[25.1705,55.3788],[25.1728,55.3847],[25.1666,55.3902],[25.1694,55.394],[25.1906,55.4063],[25.2143,55.3991],[25.2185,55.4042],[25.2277,55.4028],[25.2397,55.3903],[25.2639,55.385],[25.3285,55.3946],[25.3683,55.3887],[25.3751,55.4087],[25.3971,55.4147],[25.3987,55.4215],[25.3648,55.4227],[25.358,55.427],[25.3621,55.4364],[25.3692,55.4351],[25.3721,55.4509],[25.3857,55.4582],[25.3894,55.468],[25.3693,55.4726],[25.3595,55.4817],[25.3925,55.4944],[25.3976,55.5067],[25.4174,55.5061],[25.4232,55.5112],[25.4072,55.5188],[25.4209,55.5311],[25.4059,55.5514],[25.4275,55.558],[25.4154,55.5824],[25.418,55.5883],[25.4299,55.5966],[25.4551,55.6024],[25.4613,55.6116],[25.4774,55.6072],[25.4806,55.6021],[25.4931,55.6103],[25.4925,55.6155],[25.4844,55.6175],[25.4999,55.626],[25.494,55.632],[25.4574,55.6394],[25.4526,55.6443],[25.4753,55.6605],[25.486,55.6579],[25.4899,55.6619],[25.4841,55.6654],[25.4992,55.6831],[25.4878,55.6865],[25.4978,55.6942],[25.4989,55.7004],[25.4919,55.7011],[25.5193,55.7209]]]}},{"type":"Feature","properties":{"code":"49","name":"Kaišiadorių r. sav."},"geometry":{"type":"Polygon","coordinates":[[[24.4531,55.0247],[24.4467,55.0234],[24.4469,55.0145],[24.4356,55.0112],[24.438,55.0085],[24.4282,55.0031],[24.4345,54.9983],[24.4326,54.9935],[24.4405,54.9905],[24.442,54.9797],[24.4293,54.9842],[24.407,54.9765],[24.3152,54.9685],[24.3186,54.964],[24.2285,54.9406],[24.2132,54.9589],[24.2007,54.9551],[24.2008,54.9467],[24.1933,54.9474],[24.194,54.9517],[24.1376,54.9362],[24.1495,54.9321],[24.1312,54.9235],[24.1357,54.9182],[24.1199,54.9208],[24.0963,54.9112],[24.1033,54.9043],[24.1034,54.8964],[24.127,54.8906],[24.1402,54.8727],[24.1823,54.8608],[24.1997,54.8403],[24.232,54.8298],[24.2474,54.8173],[24.239,54.8043],[24.2154,54.7998],[24.1653,54.8158],[24.1364,54.812],[24.1353,54.7893],[24.1482,54.7783],[24.1499,54.7693],[24.138,54.761],[24.1333,54.7494],[24.1008,54.7264],[24.0836,54.7004],[24.0861,54.6869],[24.0976,54.6809],[24.1349,54.6757],[24.1516,54.685],[24.1551,54.6953],[24.162,54.6982],[24.1908,54.6874],[24.2109,54.6852],[24.2185,54.6819],[24.2156,54.6718],[24.2411,54.6654],[24.2476,54.6749],[24.2692,54.6754],[24.2823,54.6693],[24.2913,54.6761],[24.2929,54.6677],[24.3134,54.6678],[24.3166,54.6798],[24.3316,54.6803],[24.3354,54.678],[24.3334,54.6734],[24.381,54.6668],[24.3781,54.6499],[24.4157,54.6444],[24.4496,54.6286],[24.4729,54.636],[24.4652,54.6623],[24.4718,54.6655],[24.4641,54.6832],[24.4759,54.6956],[24.4806,54.6934],[24.4842,54.7001],[24.4969,54.7015],[24.4892,54.7051],[24.4904,54.7161],[24.5013,54.7119],[24.5038,54.7289],[24.5473,54.7322],[24.546,54.736],[24.5522,54.7369],[24.549,54.7402],[24.5596,54.7419],[24.5588,54.7577],[24.5684,54.7582],[24.566,54.767],[24.5806,54.766],[24.571,54.7748],[24.5818,54.7801],[24.5759,54.7856],[24.5845,54.7863],[24.5853,54.7952],[24.5301,54.7987],[24.5437,54.803],[24.5413,54.8199],[24.5637,54.8119],[24.5792,54.8147],[24.5917,54.8103],[24.607,54.8139],[24.6192,54.83],[24.7089,54.8165],[24.7294,54.8158],[24.7319,54.8235],[24.7425,54.8236],[24.7462,54.8193],[24.7474,54.8256],[24.7551,54.8286],[24.755,54.8237],[24.7637,54.8253],[24.7521,54.8715],[24.7598,54.8718],[24.7526,54.8768],[24.7803,54.8763],[24.7759,54.8804],[24.7827,54.8843],[24.7833,54.8783],[24.7898,54.883],[24.7903,54.8779],[24.795,54.8776],[24.8096,54.8875],[24.8105,54.9038],[24.7651,54.9188],[24.7533,54.9299],[24.7173,54.9325],[24.6909,54.9269],[24.6816,54.9444],[24.638,54.9562],[24.62,54.9742],[24.5799,54.9733],[24.5679,54.9853],[24.5446,54.9952],[24.5262,55.0125],[24.49,55.0121],[24.4636,55.017],[24.4531,55.0247]]]}},{"type":"Feature","properties":{"code":"52","name":"Kauno r. sav."},"geometry":{"type":"Polygon","coordinates":[[[23.5618,55.1762],[23.5267,55.179],[23.5325,55.1969],[23.5093,55.2012],[23.4822,55.1691],[23.4818,55.1521],[23.4776,55.1484],[23.4834,55.1454],[23.4794,55.1396],[23.4806,55.1247],[23.4734,55.1206],[23.4719,55.1132],[23.4546,55.1048],[23.4397,55.0836],[23.4123,55.0739],[23.4948,55.0451],[23.5557,55.0431],[23.5746,55.0382],[23.5893,55.0277],[23.5832,55.0145],[23.5872,55.0083],[23.5811,55.0015],[23.5444,55.0026],[23.506,54.9727],[23.4416,54.9771],[23.4157,54.9552],[23.4018,54.959],[23.391,54.9496],[23.4755,54.9287],[23.4824,54.8875],[23.5013,54.8856],[23.499,54.8831],[23.5036,54.8802],[23.5105,54.8799],[23.5068,54.8873],[23.5416,54.8955],[23.5816,54.8766],[23.584,54.8743],[23.5757,54.8691],[23.5509,54.8726],[23.5453,54.8671],[23.5741,54.8536],[23.5802,54.8549],[23.5804,54.8453],[23.5895,54.844],[23.5979,54.8525],[23.6252,54.8403],[23.6077,54.8237],[23.6533,54.7977],[23.6736,54.8111],[23.6879,54.8119],[23.7093,54.8083],[23.7177,54.8013],[23.7631,54.8007],[23.768,54.7853],[23.7749,54.7865],[23.7696,54.7822],[23.7766,54.7769],[23.771,54.7736],[23.7787,54.7636],[23.8057,54.7599],[23.8279,54.7471],[23.8111,54.7412],[23.8177,54.7357],[23.8265,54.738],[23.8236,54.7286],[23.8295,54.7213],[23.8258,54.7187],[23.843,54.7303],[23.8547,54.7268],[23.8611,54.7401],[23.8737,54.7426],[23.8933,54.7386],[23.8991,54.7471],[23.919,54.7512],[23.9154,54.7566],[23.9345,54.7552],[23.9456,54.7472],[23.9531,54.7522],[24.0064,54.7616],[24.0172,54.7806],[24.0371,54.7704],[24.0613,54.7661],[24.0832,54.746],[24.1085,54.7542],[24.1241,54.7434],[24.1505,54.7715],[24.1353,54.7893],[24.1346,54.8083],[24.1392,54.8138],[24.1653,54.8158],[24.213,54.7997],[24.2436,54.808],[24.2473,54.818],[24.2423,54.8236],[24.2005,54.8398],[24.1805,54.8617],[24.1402,54.8727],[24.127,54.8906],[24.1034,54.8964],[24.1033,54.9043],[24.0915,54.9139],[24.0771,54.9138],[24.0493,54.899],[24.015,54.8583],[24.0417,54.8441],[24.0268,54.8352],[24.0108,54.8427],[23.9873,54.8341],[23.9762,54.8359],[23.9689,54.8438],[23.9223,54.8207],[23.936,54.831],[23.9277,54.8511],[23.8843,54.8569],[23.8803,54.8463],[23.8641,54.8484],[23.8674,54.8537],[23.8565,54.8576],[23.8426,54.8507],[23.8297,54.8682],[23.8698,54.8765],[23.8641,54.8976],[23.8209,54.903],[23.8231,54.9059],[23.8069,54.9083],[23.7533,54.9309],[23.793,54.9282],[23.8041,54.9567],[23.8121,54.9451],[23.8287,54.948],[23.8292,54.9415],[23.8564,54.9408],[23.8786,54.9474],[23.8867,54.9544],[23.8899,54.9504],[23.8966,54.9539],[23.9014,54.9512],[23.9135,54.9596],[23.927,54.9564],[23.9515,54.9593],[23.9601,54.949],[23.9573,54.9472],[23.9692,54.9455],[23.9784,54.9369],[23.995,54.9388],[23.9769,54.9343],[23.9768,54.9302],[24.0452,54.9276],[24.0486,54.9231],[24.0666,54.9261],[24.0999,54.9128],[24.1199,54.9208],[24.1357,54.9182],[24.1312,54.9235],[24.1495,54.9321],[24.1161,54.95],[24.1095,54.9453],[24.1255,54.9642],[24.1135,54.9662],[24.1297,54.9747],[24.1262,54.9789],[24.0945,54.9783],[24.0858,54.9847],[24.098,54.9944],[24.1006,55.0082],[24.109,55.0123],[24.1092,55.0171],[24.0643,55.0285],[24.0641,55.0465],[24.0845,55.048],[24.0824,55.0504],[24.0941,55.0565],[24.1077,55.0541],[24.0606,55.0717],[24.0815,55.0874],[24.09,55.1077],[24.0774,55.1122],[24.057,55.1089],[24.0553,55.1156],[24.0455,55.1164],[24.0241,55.1054],[24.0152,55.1161],[23.9984,55.1121],[23.9892,55.1149],[23.9973,55.1224],[23.9932,55.1306],[23.943,55.1392],[23.9076,55.1527],[23.9016,55.1476],[23.8826,55.1621],[23.8859,55.1676],[23.8639,55.1854],[23.8139,55.1672],[23.8131,55.1564],[23.7887,55.16],[23.7327,55.1576],[23.7309,55.1637],[23.7015,55.1599],[23.6983,55.1552],[23.6118,55.1561],[23.6124,55.1508],[23.6009,55.1482],[23.5589,55.158],[23.5612,55.1629],[23.5505,55.1704],[23.5618,55.1762]]]}},{"type":"Feature","properties":{"code":"46","name":"Jonavos r. sav."},"geometry":{"type":"Polygon","coordinates":[[[24.3913,55.2969],[24.3882,55.2918],[24.368,55.2963],[24.3525,55.2844],[24.3188,55.2755],[24.3162,55.2697],[24.202,55.2677],[24.2055,55.2586],[24.1879,55.2573],[24.178,55.2461],[24.1884,55.2417],[24.185,55.2388],[24.1751,55.2433],[24.1691,55.2377],[24.1586,55.2375],[24.1615,55.233],[24.1558,55.23],[24.1552,55.2169],[24.1393,55.2023],[24.1147,55.1975],[24.107,55.2028],[24.0494,55.1749],[24.0559,55.1539],[24.0309,55.1473],[24.0261,55.139],[24.0341,55.1381],[24.0324,55.1324],[24.0152,55.1161],[24.0241,55.1054],[24.0455,55.1164],[24.0553,55.1156],[24.057,55.1089],[24.0774,55.1122],[24.09,55.1077],[24.0815,55.0874],[24.0606,55.0717],[24.1077,55.0541],[24.0941,55.0565],[24.0824,55.0504],[24.0845,55.048],[24.0641,55.0465],[24.064,55.0305],[24.1092,55.0171],[24.109,55.0123],[24.1006,55.0082],[24.098,54.9944],[24.0858,54.9847],[24.0945,54.9783],[24.1262,54.9789],[24.1297,54.9747],[24.1135,54.9662],[24.1255,54.9642],[24.1095,54.9453],[24.1161,54.95],[24.1376,54.9362],[24.194,54.9517],[24.1933,54.9474],[24.2008,54.9467],[24.2007,54.9551],[24.2132,54.9589],[24.2285,54.9406],[24.3186,54.964],[24.3152,54.9685],[24.407,54.9765],[24.4293,54.9842],[24.4403,54.9793],[24.439,54.9854],[24.4425,54.9867],[24.4326,54.9935],[24.4345,54.9983],[24.4282,55.0031],[24.438,55.0085],[24.4356,55.0112],[24.4469,55.0145],[24.4467,55.0234],[24.4531,55.0257],[24.4628,55.0173],[24.4895,55.0122],[24.5257,55.0127],[24.5536,54.9899],[24.5602,54.992],[24.5606,55.0043],[24.5891,55.0127],[24.5863,55.0281],[24.6224,55.0304],[24.6244,55.0367],[24.6146,55.0393],[24.6465,55.0491],[24.6332,55.0504],[24.6279,55.0562],[24.6335,55.0575],[24.6301,55.0645],[24.6154,55.0745],[24.5919,55.0747],[24.5969,55.0815],[24.5857,55.0809],[24.5921,55.0897],[24.5815,55.0954],[24.5854,55.0998],[24.5798,55.103],[24.5843,55.1058],[24.5781,55.1078],[24.5811,55.1116],[24.5685,55.1137],[24.5701,55.1106],[24.5563,55.107],[24.5548,55.1141],[24.5444,55.1187],[24.5472,55.1241],[24.537,55.1267],[24.5411,55.1285],[24.5348,55.1335],[24.5284,55.1304],[24.5169,55.1405],[24.5338,55.1454],[24.5411,55.1542],[24.5013,55.1607],[24.4984,55.1723],[24.4846,55.1862],[24.4904,55.1916],[24.4822,55.1941],[24.4811,55.2001],[24.5053,55.2225],[24.4455,55.2331],[24.4386,55.2272],[24.4251,55.2272],[24.4263,55.2312],[24.411,55.2347],[24.4262,55.2598],[24.4202,55.2613],[24.4271,55.2745],[24.4177,55.2761],[24.4214,55.2795],[24.4143,55.2841],[24.4207,55.2881],[24.3913,55.2969]]]}},{"type":"Feature","properties":{"code":"65","name":"Pakruojo r. sav."},"geometry":{"type":"Polygon","coordinates":[[[24.1515,56.2533],[24.1215,56.2489],[24.1146,56.2509],[24.1189,56.2618],[24.0962,56.2711],[24.0979,56.2773],[24.046,56.2797],[24.0492,56.2993],[24.0226,56.3107],[24.0189,56.3298],[23.9616,56.3305],[23.9607,56.3095],[23.9289,56.3086],[23.9221,56.2939],[23.9254,56.2842],[23.9121,56.2842],[23.906,56.266],[23.8926,56.248],[23.8861,56.2506],[23.8647,56.2444],[23.8716,56.243],[23.871,56.2376],[23.8633,56.2375],[23.8532,56.214],[23.8408,56.2134],[23.8286,56.196],[23.8394,56.1924],[23.8306,56.1809],[23.8031,56.1774],[23.7529,56.1799],[23.7487,56.1838],[23.7137,56.1661],[23.7061,56.1703],[23.6992,56.1662],[23.708,56.1613],[23.6676,56.1386],[23.6862,56.1283],[23.6286,56.096],[23.6345,56.0942],[23.6087,56.0753],[23.5792,56.0879],[23.5664,56.0779],[23.573,56.0678],[23.559,56.0696],[23.5496,56.0632],[23.5731,56.0534],[23.5696,56.0508],[23.5726,56.0494],[23.5779,56.0509],[23.5595,56.0398],[23.5443,56.0436],[23.5289,56.0328],[23.5421,56.027],[23.5477,56.0311],[23.5712,56.0209],[23.5795,56.0268],[23.5902,56.0179],[23.5692,55.9986],[23.565,56.0005],[23.5441,55.9835],[23.5368,55.9864],[23.5295,55.9811],[23.5735,55.9591],[23.5662,55.9438],[23.5714,55.9289],[23.5522,55.9139],[23.5569,55.9123],[23.5538,55.909],[23.5753,55.9023],[23.5798,55.9068],[23.6287,55.892],[23.6367,55.8998],[23.6565,55.8868],[23.6481,55.8733],[23.6836,55.8677],[23.6943,55.8726],[23.7064,55.8716],[23.7229,55.8811],[23.7324,55.8652],[23.755,55.8662],[23.7637,55.8592],[23.7766,55.8601],[23.7822,55.8547],[23.7904,55.86],[23.7862,55.8638],[23.7901,55.869],[23.8209,55.8747],[23.8283,55.8708],[23.8363,55.8568],[23.8256,55.8553],[23.822,55.8265],[23.8417,55.8252],[23.8485,55.818],[23.8763,55.824],[23.8938,55.8159],[23.8962,55.8226],[23.9311,55.8319],[23.9325,55.8276],[23.9626,55.8364],[23.9613,55.8413],[24.0145,55.8381],[24.0038,55.8537],[24.0354,55.8508],[24.0342,55.8632],[24.0599,55.8654],[24.061,55.8731],[24.0852,55.8764],[24.0756,55.8955],[24.0934,55.9123],[24.0954,55.9427],[24.0566,55.9423],[24.0491,55.9542],[24.0357,55.9517],[24.037,55.9586],[24.0189,55.9545],[24.0134,55.9612],[24.0274,55.982],[24.03,55.9931],[24.0232,55.9992],[24.0425,56.0132],[24.0385,56.0211],[24.0411,56.0379],[24.0653,56.0275],[24.0755,56.0499],[24.0742,56.069],[24.1091,56.0767],[24.1029,56.0821],[24.1203,56.0952],[24.1161,56.109],[24.1289,56.1103],[24.1289,56.1234],[24.1516,56.122],[24.1797,56.1287],[24.1712,56.1321],[24.179,56.1423],[24.1734,56.1459],[24.1826,56.171],[24.152,56.167],[24.1511,56.1741],[24.169,56.1954],[24.133,56.2037],[24.1311,56.213],[24.1474,56.2153],[24.1479,56.2248],[24.1349,56.2269],[24.1354,56.234],[24.1236,56.2361],[24.1299,56.2444],[24.1522,56.2449],[24.1515,56.2533]]]}},{"type":"Feature","properties":{"code":"32","name":"Akmenės r. sav."},"geometry":{"type":"Polygon","coordinates":[[[23.035,56.3258],[23.0153,56.3461],[23.0051,56.3685],[23.0189,56.3706],[23.0023,56.4064],[22.9776,56.4057],[22.9692,56.4139],[22.941,56.4148],[22.9357,56.4107],[22.9365,56.4026],[22.9205,56.3991],[22.9286,56.3881],[22.9192,56.379],[22.8566,56.3663],[22.7607,56.3673],[22.7301,56.3731],[22.6975,56.3532],[22.6812,56.3516],[22.662,56.3618],[22.6417,56.3635],[22.6356,56.3681],[22.6212,56.3658],[22.6137,56.3586],[22.5706,56.3625],[22.569,56.3577],[22.5802,56.3446],[22.5783,56.3408],[22.5997,56.3336],[22.5829,56.3048],[22.5717,56.305],[22.5939,56.2932],[22.6038,56.2936],[22.6025,56.2893],[22.5808,56.2889],[22.5798,56.2851],[22.5842,56.2777],[22.5924,56.2757],[22.5981,56.2531],[22.6143,56.2561],[22.625,56.2476],[22.6386,56.2498],[22.647,56.2223],[22.6182,56.2238],[22.6138,56.2179],[22.6296,56.2146],[22.6218,56.2083],[22.6303,56.2052],[22.616,56.1962],[22.6211,56.1724],[22.5807,56.1712],[22.5564,56.1621],[22.537,56.1636],[22.5303,56.1535],[22.5487,56.1516],[22.5539,56.1487],[22.5517,56.1456],[22.5811,56.1341],[22.5776,56.1301],[22.5817,56.1281],[22.5803,56.1218],[22.5925,56.1166],[22.5855,56.1151],[22.5797,56.1052],[22.5931,56.1003],[22.5801,56.095],[22.5794,56.0907],[22.6128,56.0859],[22.6168,56.0949],[22.6329,56.0926],[22.6373,56.0989],[22.6318,56.102],[22.6367,56.107],[22.6413,56.1033],[22.6447,56.1081],[22.6481,56.1031],[22.7032,56.1173],[22.7254,56.1085],[22.7153,56.1039],[22.715,56.0843],[22.7381,56.0694],[22.8113,56.0841],[22.831,56.0794],[22.8423,56.0714],[22.8537,56.0732],[22.848,56.0899],[22.8385,56.0961],[22.8395,56.1017],[22.8577,56.11],[22.8791,56.1106],[22.8825,56.1045],[22.8989,56.1018],[22.8942,56.117],[22.9193,56.1176],[22.9358,56.1259],[22.9322,56.1313],[22.9363,56.1361],[22.9647,56.1412],[22.9489,56.1475],[22.9496,56.1521],[22.9546,56.1522],[22.9553,56.1581],[22.9654,56.1552],[22.9657,56.1616],[22.9835,56.1675],[22.9624,56.1786],[22.9671,56.18],[22.9629,56.1816],[22.9672,56.1888],[22.9849,56.184],[23.0193,56.1907],[23.0296,56.1848],[23.0363,56.1858],[23.0422,56.1964],[23.0627,56.202],[23.0892,56.2039],[23.0842,56.1999],[23.0894,56.1905],[23.0995,56.1993],[23.1041,56.1954],[23.1281,56.2031],[23.1083,56.2402],[23.0917,56.2352],[23.0787,56.2427],[23.0728,56.2559],[23.0791,56.2567],[23.0764,56.2617],[23.1001,56.2642],[23.0883,56.2852],[23.0953,56.2865],[23.0859,56.2995],[23.0957,56.3016],[23.0851,56.3174],[23.0704,56.3244],[23.0452,56.32],[23.035,56.3258]]]}},{"type":"Feature","properties":{"code":"61","name":"Mažeikių r. sav."},"geometry":{"type":"Polygon","coordinates":[[[22.2167,56.412],[22.208,56.4243],[22.1657,56.4196],[22.1266,56.4321],[22.102,56.426],[22.0891,56.4282],[22.0851,56.4228],[22.068,56.4239],[22.0605,56.419],[22.0514,56.4214],[22.0486,56.417],[22.0338,56.4249],[22.0156,56.4241],[22.0111,56.4205],[22.014,56.4142],[21.9939,56.4128],[21.9879,56.4002],[21.9772,56.3922],[21.9803,56.3791],[21.9718,56.3669],[21.976,56.3662],[21.9767,56.3547],[21.9713,56.3487],[21.9399,56.3509],[21.932,56.3189],[21.9806,56.3152],[21.9687,56.2687],[21.9769,56.2684],[21.9819,56.2521],[21.9914,56.2487],[21.9973,56.2327],[22.0041,56.2286],[21.9997,56.2231],[22.0179,56.2121],[22.0171,56.2025],[22.0133,56.1961],[21.9633,56.2],[21.9572,56.1754],[21.9448,56.1763],[21.9409,56.1589],[21.983,56.1548],[21.9875,56.1453],[22.001,56.1495],[22.0121,56.1462],[22.0157,56.1544],[22.0265,56.1519],[22.0286,56.1443],[22.0356,56.1421],[22.029,56.131],[22.0394,56.1238],[22.0721,56.1174],[22.0815,56.1196],[22.0948,56.1133],[22.0718,56.0986],[22.0683,56.0917],[22.073,56.0908],[22.1083,56.1085],[22.1136,56.1147],[22.1087,56.123],[22.1228,56.1303],[22.1244,56.1372],[22.1351,56.1321],[22.1397,56.1362],[22.1381,56.1414],[22.1441,56.1314],[22.1267,56.1086],[22.1387,56.1063],[22.1396,56.0993],[22.1647,56.0996],[22.1695,56.1063],[22.1663,56.1128],[22.2381,56.1068],[22.2432,56.1266],[22.2523,56.1336],[22.2452,56.1351],[22.2517,56.146],[22.2493,56.1511],[22.277,56.1546],[22.2791,56.1598],[22.3026,56.1568],[22.3176,56.1612],[22.325,56.1606],[22.3207,56.1491],[22.3348,56.1483],[22.3391,56.1638],[22.4022,56.1531],[22.4003,56.1464],[22.4164,56.1449],[22.4159,56.1418],[22.4371,56.1414],[22.4337,56.1245],[22.4252,56.1253],[22.4239,56.121],[22.428,56.1207],[22.4196,56.1163],[22.438,56.1172],[22.4395,56.1238],[22.4501,56.1224],[22.4472,56.1113],[22.4287,56.1062],[22.4276,56.1016],[22.4741,56.0977],[22.4727,56.0927],[22.505,56.0878],[22.5087,56.0965],[22.5167,56.0962],[22.5106,56.1048],[22.5644,56.1015],[22.5793,56.0947],[22.5911,56.0966],[22.593,56.1005],[22.5797,56.1052],[22.5855,56.1151],[22.5925,56.1166],[22.5803,56.1218],[22.5817,56.1281],[22.5776,56.1301],[22.5811,56.1341],[22.5517,56.1456],[22.5539,56.1487],[22.5487,56.1516],[22.5303,56.1536],[22.537,56.1636],[22.5564,56.1621],[22.5807,56.1712],[22.6211,56.1724],[22.616,56.1962],[22.6303,56.2052],[22.6218,56.2083],[22.6296,56.2146],[22.6138,56.2179],[22.6182,56.2238],[22.647,56.2223],[22.6386,56.2498],[22.625,56.2476],[22.6143,56.2561],[22.6023,56.2523],[22.5947,56.2577],[22.5945,56.2716],[22.5842,56.2777],[22.5804,56.2885],[22.6021,56.2885],[22.6038,56.2936],[22.5939,56.2932],[22.5717,56.305],[22.5829,56.3048],[22.5997,56.3336],[22.5783,56.3408],[22.5802,56.3446],[22.5677,56.3615],[22.6137,56.3586],[22.6212,56.3658],[22.6349,56.369],[22.6162,56.3826],[22.589,56.3843],[22.5802,56.3906],[22.5378,56.3891],[22.4755,56.4041],[22.4474,56.4029],[22.4228,56.41],[22.3914,56.4009],[22.3642,56.4014],[22.3485,56.3938],[22.3217,56.4021],[22.3195,56.4081],[22.3114,56.41],[22.2969,56.407],[22.286,56.4103],[22.2786,56.4036],[22.2439,56.3997],[22.2167,56.412]]]}},{"type":"Feature","properties":{"code":"75","name":"Skuodo r. sav."},"geometry":{"type":"Polygon","coordinates":[[[21.9914,56.2486],[21.9819,56.2521],[21.9769,56.2684],[21.9687,56.2687],[21.9806,56.3152],[21.932,56.3189],[21.9399,56.3509],[21.9713,56.3487],[21.9767,56.3547],[21.976,56.3662],[21.9718,56.3669],[21.9803,56.3791],[21.9782,56.3851],[21.9696,56.3766],[21.9542,56.3816],[21.9452,56.3749],[21.9194,56.3721],[21.9181,56.3681],[21.873,56.3615],[21.8357,56.3716],[21.8237,56.3632],[21.8081,56.3624],[21.8026,56.3526],[21.7867,56.3433],[21.7407,56.33],[21.7269,56.32],[21.725,56.3137],[21.6731,56.3114],[21.6588,56.3186],[21.6094,56.3251],[21.5879,56.3228],[21.5768,56.3148],[21.5614,56.3163],[21.5557,56.3034],[21.5339,56.2933],[21.5146,56.2896],[21.4994,56.2949],[21.4671,56.2708],[21.4652,56.2605],[21.4523,56.2487],[21.3293,56.2184],[21.2984,56.1917],[21.2826,56.1847],[21.2794,56.1746],[21.2307,56.1623],[21.2256,56.1562],[21.2296,56.1511],[21.2267,56.1466],[21.2423,56.1429],[21.237,56.1367],[21.259,56.1321],[21.2649,56.1384],[21.3048,56.1297],[21.3231,56.1521],[21.389,56.1387],[21.3862,56.1343],[21.3926,56.1329],[21.4083,56.1347],[21.4133,56.1409],[21.4719,56.1304],[21.4643,56.1196],[21.5353,56.1023],[21.5555,56.1089],[21.5762,56.1072],[21.5807,56.112],[21.6185,56.1039],[21.6228,56.0975],[21.6188,56.0912],[21.6423,56.0768],[21.645,56.0817],[21.7001,56.0699],[21.704,56.0772],[21.7229,56.0731],[21.7467,56.1076],[21.7713,56.1052],[21.7737,56.1088],[21.8276,56.0981],[21.83,56.1226],[21.8232,56.1271],[21.8271,56.1312],[21.8474,56.1309],[21.845,56.1237],[21.8995,56.1196],[21.9038,56.1107],[21.9254,56.1177],[21.9185,56.1213],[21.9261,56.132],[21.9345,56.1327],[21.9448,56.1763],[21.9572,56.1754],[21.9633,56.2],[22.0133,56.1961],[22.0163,56.2007],[22.0179,56.2121],[21.9997,56.2231],[22.0041,56.2286],[21.9973,56.2327],[21.9914,56.2486]]]}},{"type":"Feature","properties":{"code":"89","name":"Širvintų r. sav."},"geometry":{"type":"Polygon","coordinates":[[[25.1695,55.152],[25.1547,55.1491],[25.1516,55.139],[25.1374,55.1405],[25.107,55.1266],[25.0858,55.1385],[25.0792,55.1362],[25.0554,55.1509],[25.0319,55.1537],[25.0248,55.1597],[25.0171,55.1558],[25.0147,55.1446],[25.0001,55.1483],[24.9465,55.1304],[24.9442,55.1241],[24.9482,55.1185],[24.8824,55.1091],[24.8834,55.1032],[24.8404,55.1028],[24.8212,55.115],[24.8047,55.1106],[24.7317,55.1148],[24.7246,55.1048],[24.7033,55.0919],[24.678,55.0998],[24.6733,55.0906],[24.6589,55.0978],[24.6466,55.1109],[24.6136,55.0904],[24.5914,55.0869],[24.5855,55.0815],[24.5967,55.0816],[24.5927,55.0742],[24.6156,55.0744],[24.6301,55.0645],[24.6335,55.0575],[24.6279,55.0562],[24.6332,55.0504],[24.6465,55.0491],[24.6146,55.0393],[24.6244,55.0367],[24.6224,55.0304],[24.5863,55.0281],[24.5891,55.0127],[24.5606,55.0043],[24.5602,54.992],[24.5536,54.9899],[24.5679,54.9853],[24.5799,54.9733],[24.62,54.9742],[24.638,54.9562],[24.6816,54.9444],[24.6909,54.9269],[24.7169,54.9325],[24.7457,54.9322],[24.7598,54.9266],[24.7651,54.9188],[24.7977,54.9111],[24.8113,54.9032],[24.8105,54.8864],[24.8212,54.8821],[24.8299,54.8859],[24.8344,54.8801],[24.8463,54.8779],[24.8453,54.8622],[24.8516,54.8596],[24.8571,54.8738],[24.8763,54.8755],[24.8851,54.8713],[24.9073,54.8819],[24.9159,54.8759],[24.934,54.8763],[24.9416,54.8729],[24.9425,54.8672],[24.9515,54.8708],[24.9729,54.8642],[24.978,54.8711],[24.9711,54.8806],[24.9817,54.8857],[24.991,54.8818],[25.0111,54.8904],[25.0151,54.8818],[25.0458,54.8823],[25.0536,54.8917],[25.1166,54.8804],[25.1279,54.8888],[25.1122,54.8981],[25.1177,54.9027],[25.1443,54.8957],[25.1578,54.8986],[25.1477,54.908],[25.1362,54.9358],[25.1458,54.9391],[25.159,54.9662],[25.1952,54.9575],[25.2054,54.966],[25.2057,54.9705],[25.1876,54.9735],[25.1972,54.9798],[25.1924,54.9858],[25.2013,54.9953],[25.1965,55.0224],[25.187,55.033],[25.222,55.0415],[25.2137,55.0539],[25.2278,55.056],[25.2358,55.0629],[25.2258,55.0692],[25.2218,55.0769],[25.2263,55.0812],[25.2216,55.0882],[25.2112,55.09],[25.2088,55.0948],[25.1831,55.0917],[25.1632,55.0968],[25.1568,55.0893],[25.1477,55.0957],[25.1559,55.1045],[25.1488,55.1115],[25.162,55.1185],[25.1569,55.1301],[25.1644,55.1302],[25.1753,55.1387],[25.1667,55.1434],[25.1695,55.152]]]}},{"type":"Feature","properties":{"code":"41","name":"Vilniaus r. sav."},"geometry":{"type":"Polygon","coordinates":[[[25.349,55.0339],[25.3311,55.0315],[25.3095,55.0373],[25.3023,55.0452],[25.2803,55.0463],[25.2256,55.0424],[25.187,55.033],[25.1965,55.0224],[25.2013,54.9953],[25.1924,54.9858],[25.1972,54.9798],[25.1876,54.9735],[25.2057,54.9705],[25.2054,54.966],[25.1952,54.9575],[25.159,54.9662],[25.1458,54.9391],[25.1362,54.9358],[25.1477,54.908],[25.1578,54.8986],[25.1443,54.8957],[25.1177,54.9027],[25.1122,54.8981],[25.1279,54.8888],[25.1166,54.8804],[25.0536,54.8917],[25.0458,54.8823],[25.0151,54.8818],[25.0111,54.8904],[24.991,54.8818],[24.9817,54.8857],[24.9711,54.8806],[24.978,54.8711],[24.9729,54.8642],[24.9515,54.8708],[24.9425,54.8672],[24.9416,54.8729],[24.934,54.8763],[24.9159,54.8759],[24.9073,54.8819],[24.8851,54.8713],[24.8763,54.8755],[24.8571,54.8738],[24.8514,54.8671],[24.8524,54.8595],[24.8615,54.8564],[24.8606,54.8475],[24.8664,54.8438],[24.8898,54.846],[24.9052,54.8386],[24.9037,54.8333],[24.8926,54.8327],[24.8852,54.8197],[24.8912,54.804],[24.8874,54.7984],[24.8896,54.7921],[24.9132,54.7879],[24.9202,54.7967],[24.9193,54.812],[24.9254,54.8157],[24.9722,54.8045],[24.9769,54.8],[24.9734,54.7957],[24.9589,54.7922],[24.9383,54.7762],[24.9477,54.7683],[24.9667,54.7676],[24.9767,54.7557],[24.9964,54.7481],[24.9777,54.7433],[24.9752,54.7365],[24.9953,54.7331],[25.0174,54.7394],[25.0236,54.7337],[25.0128,54.7289],[25.0121,54.7234],[25.0258,54.7204],[25.0388,54.7235],[25.0632,54.7164],[25.075,54.707],[25.0721,54.689],[25.0812,54.6867],[25.0829,54.6815],[25.1111,54.6736],[25.1423,54.6814],[25.1598,54.6804],[25.166,54.6726],[25.1729,54.6723],[25.1895,54.6809],[25.1801,54.7012],[25.1348,54.6954],[25.101,54.7022],[25.1132,54.709],[25.1348,54.7061],[25.1489,54.7114],[25.1526,54.715],[25.1476,54.7247],[25.1543,54.7297],[25.1873,54.7216],[25.1884,54.7154],[25.1992,54.7131],[25.2008,54.726],[25.2057,54.7282],[25.205,54.7453],[25.1933,54.7415],[25.195,54.7359],[25.1903,54.7359],[25.1765,54.7437],[25.181,54.7445],[25.1737,54.7476],[25.1747,54.7534],[25.1825,54.7489],[25.203,54.7595],[25.2141,54.7502],[25.2183,54.7562],[25.2408,54.7574],[25.2479,54.7667],[25.2682,54.7727],[25.265,54.777],[25.2848,54.7744],[25.2845,54.7785],[25.2741,54.7783],[25.2757,54.7942],[25.2909,54.7981],[25.2874,54.8022],[25.2941,54.8117],[25.2852,54.8136],[25.2876,54.8207],[25.284,54.8224],[25.2937,54.8272],[25.3016,54.8256],[25.3144,54.8323],[25.3344,54.8236],[25.3215,54.8182],[25.3322,54.8094],[25.3502,54.8084],[25.3509,54.8144],[25.3594,54.8063],[25.3565,54.8189],[25.3662,54.826],[25.359,54.82],[25.3607,54.8164],[25.3774,54.8158],[25.3772,54.8058],[25.4096,54.8054],[25.416,54.8037],[25.4157,54.7992],[25.455,54.8017],[25.4515,54.7409],[25.4405,54.7441],[25.4271,54.739],[25.4256,54.7299],[25.412,54.7282],[25.4083,54.7179],[25.412,54.7184],[25.4136,54.7121],[25.4271,54.7091],[25.4275,54.7158],[25.4519,54.7056],[25.4644,54.7084],[25.4602,54.6968],[25.4796,54.697],[25.4803,54.686],[25.4494,54.6853],[25.4456,54.6817],[25.4511,54.6783],[25.437,54.6737],[25.4094,54.6807],[25.4042,54.6698],[25.3826,54.664],[25.3628,54.6397],[25.3237,54.6486],[25.3198,54.6456],[25.3206,54.6313],[25.3278,54.6265],[25.3207,54.6255],[25.3215,54.6177],[25.3309,54.6097],[25.3137,54.6027],[25.3141,54.5994],[25.2876,54.5928],[25.2403,54.5927],[25.2365,54.5837],[25.2491,54.5765],[25.2364,54.5749],[25.2308,54.5847],[25.2115,54.5879],[25.2007,54.6007],[25.1733,54.6067],[25.1628,54.5996],[25.1775,54.5979],[25.1851,54.5914],[25.1864,54.5695],[25.1571,54.5709],[25.1381,54.5791],[25.1287,54.5788],[25.1316,54.5737],[25.1213,54.5697],[25.1154,54.5787],[25.0926,54.5898],[25.1144,54.5923],[25.1154,54.6011],[25.0993,54.609],[25.084,54.6052],[25.0298,54.5575],[25.0397,54.5523],[25.0833,54.5505],[25.0937,54.5646],[25.1138,54.5566],[25.1062,54.5512],[25.118,54.5449],[25.1275,54.5435],[25.1319,54.5482],[25.143,54.546],[25.1421,54.539],[25.1645,54.5408],[25.1694,54.5348],[25.1679,54.5242],[25.1452,54.5181],[25.1507,54.5103],[25.1486,54.4993],[25.1374,54.4844],[25.1423,54.4826],[25.1386,54.4738],[25.1466,54.4731],[25.1477,54.4664],[25.1685,54.4812],[25.1864,54.4855],[25.1962,54.4981],[25.2132,54.5071],[25.23,54.4925],[25.2212,54.4751],[25.2534,54.4626],[25.2614,54.4666],[25.3096,54.4663],[25.3195,54.4716],[25.3188,54.4934],[25.334,54.4978],[25.3433,54.495],[25.3554,54.501],[25.3566,54.4977],[25.4085,54.4991],[25.4191,54.4954],[25.4162,54.4919],[25.4197,54.489],[25.4289,54.4941],[25.4408,54.4936],[25.4384,54.5021],[25.4445,54.5035],[25.4925,54.4803],[25.5192,54.4829],[25.5156,54.476],[25.5239,54.4774],[25.5319,54.4665],[25.5434,54.47],[25.5447,54.476],[25.5555,54.4755],[25.5575,54.4686],[25.5763,54.464],[25.5789,54.47],[25.5729,54.4704],[25.5762,54.4777],[25.6023,54.4823],[25.609,54.4925],[25.625,54.4898],[25.6283,54.4775],[25.6368,54.4751],[25.6508,54.4912],[25.6569,54.5082],[25.6805,54.535],[25.7467,54.5625],[25.7592,54.5742],[25.7563,54.5753],[25.7626,54.5769],[25.7525,54.6101],[25.7569,54.6193],[25.746,54.6265],[25.7484,54.629],[25.7437,54.6322],[25.7484,54.6387],[25.7304,54.6827],[25.74,54.686],[25.7354,54.7015],[25.7421,54.7088],[25.7468,54.7297],[25.7457,54.7538],[25.7496,54.7643],[25.74,54.7779],[25.7337,54.8022],[25.7519,54.8228],[25.7427,54.8315],[25.7456,54.8644],[25.7109,54.8588],[25.7023,54.8639],[25.703,54.8784],[25.6942,54.8855],[25.6927,54.896],[25.6631,54.8938],[25.6411,54.8998],[25.6392,54.9174],[25.6504,54.9266],[25.6419,54.9297],[25.6545,54.9396],[25.6593,54.9373],[25.6653,54.9474],[25.6936,54.9542],[25.6874,54.9653],[25.6694,54.9641],[25.6664,54.9785],[25.6336,54.9783],[25.6277,54.9821],[25.6336,54.9877],[25.5964,54.9941],[25.5862,55.0099],[25.5607,55.015],[25.5267,55.0405],[25.4964,55.0431],[25.4833,55.0382],[25.4213,55.0332],[25.3976,55.0401],[25.3815,55.0309],[25.349,55.0339]]]}},{"type":"Feature","properties":{"code":"15","name":"Druskininkų sav."},"geometry":{"type":"Polygon","coordinates":[[[23.9074,54.174],[23.8889,54.1807],[23.889,54.1688],[23.8745,54.1553],[23.8575,54.1576],[23.8292,54.1522],[23.8303,54.1473],[23.802,54.1438],[23.8078,54.1351],[23.7992,54.128],[23.8053,54.1187],[23.7992,54.1062],[23.8537,54.0892],[23.8511,54.0773],[23.8412,54.0726],[23.8372,54.0628],[23.8508,54.0481],[23.8411,54.0417],[23.8344,54.0281],[23.8467,54.018],[23.8596,54.0301],[23.8625,54.021],[23.846,54.0116],[23.8334,53.9968],[23.8012,53.9812],[23.8284,53.9621],[23.8339,53.953],[23.8587,53.954],[23.8731,53.9445],[23.8861,53.9436],[23.9058,53.9522],[23.9074,53.9665],[23.9133,53.9696],[23.9356,53.9582],[23.9615,53.9546],[23.9703,53.9421],[23.9716,53.9332],[23.9655,53.9349],[23.9684,53.9267],[23.9829,53.924],[24.1031,53.9406],[24.1034,53.9505],[24.1144,53.9578],[24.1423,53.9538],[24.1545,53.9613],[24.2016,53.9699],[24.1905,53.9986],[24.2049,53.9995],[24.1989,54.0652],[24.1766,54.0643],[24.1619,54.0721],[24.1311,54.063],[24.0752,54.0712],[24.0493,54.0803],[24.0364,54.0782],[24.0296,54.0704],[24.0072,54.0787],[24.0181,54.0927],[24.031,54.0928],[24.0261,54.0954],[24.0271,54.1009],[23.9951,54.1163],[23.99,54.1091],[23.9639,54.1057],[23.9606,54.117],[23.969,54.1224],[23.9856,54.122],[23.9668,54.1295],[23.9992,54.132],[23.9908,54.137],[23.9948,54.1574],[24.0021,54.1613],[23.9777,54.1746],[23.945,54.1737],[23.9246,54.1793],[23.9074,54.174]]]}},{"type":"Feature","properties":{"code":"67","name":"Pasvalio r. sav."},"geometry":{"type":"Polygon","coordinates":[[[24.5037,56.2761],[24.4617,56.2663],[24.4541,56.2582],[24.4232,56.261],[24.3922,56.2784],[24.3577,56.2723],[24.345,56.2931],[24.3317,56.2987],[24.2857,56.3006],[24.2901,56.2856],[24.2576,56.2769],[24.2405,56.278],[24.201,56.2671],[24.1768,56.2509],[24.1515,56.2533],[24.1522,56.2449],[24.1299,56.2444],[24.1249,56.2405],[24.1236,56.2361],[24.1354,56.234],[24.1349,56.2269],[24.1482,56.2236],[24.1474,56.2153],[24.1311,56.213],[24.133,56.2037],[24.169,56.1954],[24.1511,56.1741],[24.152,56.167],[24.1826,56.171],[24.1734,56.1459],[24.179,56.1423],[24.1712,56.1321],[24.1797,56.1287],[24.1516,56.122],[24.1289,56.1234],[24.1289,56.1103],[24.1161,56.109],[24.1203,56.0952],[24.1029,56.0821],[24.1091,56.0767],[24.0742,56.069],[24.0755,56.0499],[24.0653,56.0275],[24.0411,56.0379],[24.0385,56.0211],[24.0425,56.0132],[24.0232,55.9992],[24.03,55.9931],[24.0274,55.982],[24.0134,55.9612],[24.0189,55.9545],[24.037,55.9586],[24.0357,55.9517],[24.0491,55.9542],[24.0566,55.9423],[24.0954,55.9427],[24.0934,55.9123],[24.0757,55.8945],[24.0847,55.8801],[24.105,55.8807],[24.1089,55.8454],[24.1133,55.8402],[24.1324,55.8405],[24.133,55.8462],[24.1475,55.8447],[24.1453,55.8403],[24.1765,55.8399],[24.1759,55.8507],[24.1915,55.8487],[24.1905,55.8665],[24.2082,55.8648],[24.2075,55.8881],[24.2397,55.8868],[24.2453,55.9038],[24.276,55.9011],[24.2722,55.9043],[24.2787,55.9066],[24.3565,55.8929],[24.3647,55.9164],[24.3724,55.9205],[24.3934,55.9199],[24.3973,55.8999],[24.4192,55.9027],[24.4234,55.8862],[24.4461,55.89],[24.4454,55.8779],[24.421,55.8742],[24.4244,55.8629],[24.5516,55.8745],[24.5523,55.8825],[24.5668,55.8898],[24.5498,55.8915],[24.5336,55.8873],[24.5281,55.8927],[24.5434,55.913],[24.5609,55.9082],[24.5855,55.9159],[24.5808,55.9282],[24.5958,55.9354],[24.6078,55.9351],[24.6187,55.952],[24.6035,55.9602],[24.6086,55.9678],[24.6009,55.9711],[24.6164,55.9735],[24.6207,55.99],[24.606,55.9903],[24.6084,55.9954],[24.6008,55.9946],[24.6008,56.0126],[24.6088,56.0257],[24.6288,56.0338],[24.6284,56.0535],[24.6822,56.0551],[24.679,56.0756],[24.6712,56.0937],[24.6497,56.0928],[24.6381,56.1348],[24.623,56.1343],[24.5965,56.1051],[24.5437,56.125],[24.5614,56.1393],[24.5617,56.1479],[24.5435,56.1561],[24.5608,56.1636],[24.5531,56.1631],[24.5414,56.1708],[24.5353,56.1666],[24.521,56.1672],[24.5078,56.1826],[24.4975,56.1831],[24.4913,56.2084],[24.473,56.2131],[24.4682,56.2216],[24.4831,56.2229],[24.493,56.2394],[24.5154,56.2462],[24.502,56.2513],[24.5037,56.2761]]]}},{"type":"Feature","properties":{"code":"36","name":"Biržų r. sav."},"geometry":{"type":"Polygon","coordinates":[[[25.0141,56.2926],[24.9927,56.2984],[24.9874,56.3056],[24.9735,56.3101],[24.9742,56.3175],[24.9681,56.326],[24.9719,56.333],[24.9664,56.3438],[24.9726,56.3522],[24.9692,56.3657],[24.9557,56.3698],[24.9501,56.3772],[24.9425,56.375],[24.926,56.4022],[24.9138,56.4037],[24.9056,56.4128],[24.9024,56.4205],[24.9176,56.4333],[24.9182,56.4409],[24.9048,56.4475],[24.8732,56.4498],[24.8513,56.436],[24.8531,56.4254],[24.8617,56.422],[24.8618,56.4158],[24.8312,56.4107],[24.8234,56.4121],[24.8209,56.4186],[24.8052,56.4214],[24.7995,56.418],[24.8054,56.4161],[24.8035,56.4117],[24.7763,56.4001],[24.7617,56.4044],[24.7402,56.4008],[24.7024,56.4039],[24.6989,56.3974],[24.7039,56.3869],[24.6861,56.3761],[24.6457,56.378],[24.6273,56.3741],[24.6305,56.3667],[24.624,56.3621],[24.6278,56.3554],[24.6236,56.3459],[24.6134,56.3441],[24.6074,56.3363],[24.5878,56.3324],[24.5767,56.3232],[24.5756,56.3156],[24.5833,56.3056],[24.5796,56.2883],[24.5648,56.2892],[24.5037,56.2761],[24.502,56.2513],[24.5154,56.2462],[24.493,56.2394],[24.4831,56.2229],[24.4682,56.2216],[24.473,56.2131],[24.4913,56.2084],[24.4975,56.1831],[24.5078,56.1826],[24.521,56.1672],[24.5353,56.1666],[24.5414,56.1708],[24.5531,56.1631],[24.5608,56.1636],[24.5435,56.1561],[24.5617,56.1479],[24.5614,56.1393],[24.5437,56.125],[24.5965,56.1051],[24.623,56.1343],[24.6381,56.1348],[24.6497,56.0928],[24.6712,56.0937],[24.6741,56.0892],[24.6822,56.0551],[24.6284,56.0535],[24.6288,56.0338],[24.6088,56.0257],[24.6008,56.0126],[24.6008,55.9946],[24.6084,55.9954],[24.606,55.9903],[24.6207,55.99],[24.6164,55.9735],[24.6009,55.9711],[24.6086,55.9678],[24.6035,55.9602],[24.6187,55.952],[24.6034,55.9288],[24.626,55.923],[24.6284,55.9112],[24.6245,55.9046],[24.6341,55.9005],[24.6823,55.9362],[24.7017,55.9247],[24.7564,55.9228],[24.7605,55.9332],[24.7683,55.9294],[24.7781,55.9349],[24.8059,55.9343],[24.8263,55.949],[24.8459,55.9421],[24.8502,55.9501],[24.8891,55.9476],[24.8933,55.9747],[24.884,55.9755],[24.8777,55.9896],[24.8856,56.0065],[24.9117,56.0077],[24.9117,56.0149],[24.9202,56.0207],[24.9529,56.0222],[24.982,56.0303],[25.0154,56.0513],[25.032,56.0486],[25.0509,56.0326],[25.0314,56.018],[25.0346,56.0109],[25.0514,56.0077],[25.0568,56.0146],[25.0909,56.0148],[25.0991,56.02],[25.0992,56.026],[25.1171,56.0318],[25.1149,56.0415],[25.0993,56.0467],[25.0838,56.0612],[25.1228,56.0708],[25.124,56.0842],[25.1144,56.0877],[25.1167,56.0936],[25.1073,56.0935],[25.1064,56.0984],[25.1274,56.0949],[25.1256,56.0994],[25.1404,56.1055],[25.1775,56.0979],[25.1854,56.1039],[25.2164,56.1072],[25.2223,56.1131],[25.2198,56.1212],[25.2097,56.1288],[25.2015,56.1246],[25.1945,56.1388],[25.1667,56.1562],[25.1637,56.1604],[25.1721,56.1626],[25.1713,56.1742],[25.1501,56.1746],[25.1264,56.184],[25.092,56.186],[25.0851,56.1971],[25.076,56.1953],[25.0754,56.2055],[25.0703,56.2104],[25.075,56.2185],[25.063,56.2267],[25.0691,56.2376],[25.0585,56.2441],[25.0636,56.25],[25.0561,56.2549],[25.0565,56.2657],[25.0418,56.2688],[25.0419,56.2741],[25.0189,56.277],[25.0141,56.2926]]]}},{"type":"Feature","properties":{"code":"12","name":"Birštono sav."},"geometry":{"type":"Polygon","coordinates":[[[23.9883,54.6483],[23.9633,54.6447],[23.9667,54.6423],[23.9594,54.636],[23.9653,54.631],[23.9569,54.6235],[23.9768,54.606],[24.0079,54.6016],[24.0149,54.5952],[24.0131,54.5892],[23.9856,54.5884],[23.9762,54.5725],[23.9544,54.5613],[23.9305,54.5582],[23.8932,54.5435],[23.8855,54.5316],[23.9241,54.5169],[23.9537,54.4971],[23.9831,54.4907],[24.0107,54.5028],[24.011,54.5115],[23.9921,54.5164],[24.0106,54.5441],[24.0297,54.5508],[24.0625,54.5546],[24.0818,54.5518],[24.0985,54.541],[24.1017,54.5262],[24.1289,54.5387],[24.1698,54.5368],[24.1724,54.5409],[24.1517,54.5508],[24.1437,54.5478],[24.1465,54.5516],[24.1409,54.5541],[24.1518,54.5648],[24.1451,54.5664],[24.154,54.577],[24.1183,54.5816],[24.1125,54.5835],[24.1131,54.5889],[24.1068,54.5855],[24.0993,54.5922],[24.1033,54.5964],[24.0916,54.5958],[24.0885,54.6081],[24.0641,54.613],[24.0655,54.6225],[24.0337,54.6198],[24.0222,54.6239],[24.0147,54.6188],[23.9981,54.6433],[23.9883,54.6483]]]}},{"type":"Feature","properties":{"code":"69","name":"Prienų r. sav."},"geometry":{"type":"Polygon","coordinates":[[[23.7549,54.8011],[23.7177,54.8013],[23.7093,54.8083],[23.6879,54.8119],[23.6736,54.8111],[23.6533,54.7977],[23.6415,54.8044],[23.6316,54.7954],[23.6219,54.7961],[23.6221,54.7907],[23.6328,54.7872],[23.6179,54.7732],[23.6031,54.7663],[23.5865,54.7666],[23.5857,54.7614],[23.6135,54.7611],[23.6452,54.7687],[23.6477,54.7593],[23.6371,54.7463],[23.6631,54.7201],[23.6332,54.7102],[23.662,54.6822],[23.6681,54.6627],[23.6735,54.6619],[23.6736,54.6573],[23.6566,54.6531],[23.6598,54.6501],[23.6567,54.645],[23.6731,54.639],[23.6252,54.6288],[23.6293,54.6214],[23.6472,54.6243],[23.6486,54.6215],[23.6368,54.6134],[23.6752,54.6163],[23.6992,54.5936],[23.6582,54.5827],[23.6807,54.5596],[23.6942,54.5563],[23.7018,54.5417],[23.7497,54.5497],[23.7562,54.5428],[23.7594,54.5266],[23.7937,54.5031],[23.7823,54.4973],[23.7844,54.4907],[23.7585,54.4788],[23.7524,54.4701],[23.7637,54.4677],[23.7695,54.4605],[23.7831,54.4645],[23.7918,54.4602],[23.797,54.468],[23.7931,54.4705],[23.7994,54.4738],[23.8056,54.4698],[23.8713,54.4673],[23.8699,54.4611],[23.8585,54.4616],[23.8596,54.4547],[23.9084,54.4652],[23.8981,54.4769],[23.9051,54.4839],[23.9671,54.4861],[23.9704,54.4926],[23.949,54.4993],[23.9246,54.5166],[23.8844,54.5335],[23.8932,54.5435],[23.9305,54.5582],[23.9544,54.5613],[23.9762,54.5725],[23.9856,54.5884],[24.0102,54.5873],[24.0146,54.591],[24.0062,54.6026],[23.9817,54.604],[23.9595,54.6194],[23.9569,54.6235],[23.9653,54.631],[23.9594,54.636],[23.9667,54.6423],[23.9633,54.6447],[23.9725,54.6472],[23.9948,54.6462],[24.0153,54.6185],[24.0222,54.6239],[24.0337,54.6198],[24.0655,54.6225],[24.0641,54.613],[24.0885,54.6081],[24.0916,54.5958],[24.1033,54.5964],[24.0993,54.5922],[24.1068,54.5855],[24.1131,54.5889],[24.1125,54.5835],[24.1183,54.5816],[24.154,54.577],[24.1451,54.5664],[24.1518,54.5648],[24.1409,54.5541],[24.1465,54.5516],[24.1449,54.5464],[24.1517,54.5508],[24.1724,54.5409],[24.1698,54.5368],[24.1981,54.5375],[24.2059,54.5545],[24.241,54.5547],[24.2596,54.5634],[24.2769,54.5604],[24.2648,54.5567],[24.2663,54.5418],[24.2733,54.5295],[24.3189,54.5219],[24.3442,54.5276],[24.361,54.5206],[24.368,54.5246],[24.371,54.5212],[24.3758,54.5251],[24.4016,54.5239],[24.4005,54.533],[24.4069,54.5363],[24.4155,54.5328],[24.4213,54.5426],[24.4219,54.5608],[24.4157,54.5687],[24.4248,54.578],[24.4233,54.5878],[24.4275,54.5932],[24.4239,54.5958],[24.4326,54.5971],[24.4399,54.5889],[24.4387,54.5944],[24.447,54.5972],[24.4514,54.5948],[24.4431,54.5911],[24.4642,54.5875],[24.4727,54.5904],[24.4568,54.5952],[24.465,54.6075],[24.4813,54.6029],[24.4883,54.6076],[24.4736,54.618],[24.4803,54.6203],[24.4727,54.6301],[24.4496,54.6286],[24.4157,54.6444],[24.3781,54.6499],[24.381,54.6668],[24.3334,54.6734],[24.3354,54.678],[24.3316,54.6803],[24.3166,54.6798],[24.3134,54.6678],[24.2929,54.6677],[24.2913,54.6761],[24.2823,54.6693],[24.2692,54.6754],[24.2476,54.6749],[24.2411,54.6654],[24.2156,54.6718],[24.2185,54.6819],[24.2109,54.6852],[24.1908,54.6874],[24.162,54.6982],[24.1551,54.6953],[24.1516,54.685],[24.1349,54.6757],[24.0954,54.6815],[24.0836,54.6905],[24.0841,54.7016],[24.1024,54.7282],[24.1241,54.7434],[24.1085,54.7542],[24.0832,54.746],[24.0613,54.7661],[24.0371,54.7704],[24.0172,54.7806],[24.0064,54.7616],[23.9531,54.7522],[23.9456,54.7472],[23.9345,54.7552],[23.9154,54.7566],[23.919,54.7512],[23.8991,54.7471],[23.8933,54.7386],[23.8737,54.7426],[23.8611,54.7401],[23.8547,54.7268],[23.843,54.7303],[23.8258,54.7187],[23.8295,54.7213],[23.8236,54.7286],[23.8265,54.738],[23.8177,54.7357],[23.8111,54.7412],[23.8279,54.7471],[23.8057,54.7599],[23.7787,54.7636],[23.771,54.7736],[23.7766,54.7769],[23.7696,54.7822],[23.7749,54.7865],[23.768,54.7853],[23.7631,54.8007],[23.7549,54.8011]]]}},{"type":"Feature","properties":{"code":"85","name":"Šalčininkų r. sav."},"geometry":{"type":"Polygon","coordinates":[[[25.2201,54.5037],[25.2132,54.5071],[25.1962,54.4981],[25.1864,54.4855],[25.1685,54.4812],[25.1477,54.4664],[25.1466,54.4731],[25.1386,54.4738],[25.1423,54.4826],[25.1374,54.4844],[25.145,54.4919],[25.1149,54.4827],[25.1088,54.4861],[25.0911,54.475],[25.0708,54.472],[25.0706,54.4515],[25.0191,54.4442],[25.0249,54.4251],[25.0086,54.4231],[25.0166,54.3986],[24.9937,54.3961],[24.9972,54.3831],[24.925,54.375],[24.9287,54.3627],[24.9126,54.3611],[24.9181,54.3422],[24.9121,54.3414],[24.9279,54.3361],[24.9217,54.3257],[24.934,54.2949],[24.8812,54.2936],[24.8739,54.2889],[24.8752,54.284],[24.8893,54.2752],[24.8566,54.269],[24.8565,54.2563],[24.8427,54.2568],[24.8348,54.252],[24.8242,54.2546],[24.823,54.2461],[24.811,54.2492],[24.8137,54.2335],[24.7866,54.2347],[24.7817,54.2275],[24.7719,54.2297],[24.7561,54.224],[24.7643,54.2212],[24.7591,54.2197],[24.759,54.2002],[24.768,54.2003],[24.7683,54.1913],[24.7838,54.1953],[24.8012,54.1924],[24.8093,54.1859],[24.8171,54.1872],[24.8185,54.1743],[24.826,54.1733],[24.8175,54.1677],[24.8382,54.1469],[24.8813,54.1503],[24.9573,54.1721],[24.9786,54.1637],[24.9816,54.1601],[24.9771,54.1588],[24.993,54.1441],[25.0165,54.1374],[25.0708,54.1339],[25.0774,54.1428],[25.0915,54.146],[25.1395,54.1837],[25.1628,54.1915],[25.1613,54.1996],[25.197,54.2143],[25.2043,54.2245],[25.2057,54.2377],[25.214,54.2418],[25.2148,54.256],[25.2215,54.259],[25.2346,54.2633],[25.2519,54.251],[25.2699,54.2752],[25.2911,54.2617],[25.3372,54.2663],[25.3537,54.2639],[25.3809,54.2781],[25.3953,54.2742],[25.4097,54.2872],[25.4342,54.2956],[25.4554,54.2979],[25.4535,54.2913],[25.4679,54.2902],[25.4796,54.2949],[25.4811,54.3024],[25.4999,54.3002],[25.4966,54.3092],[25.5034,54.31],[25.5138,54.3077],[25.5113,54.3013],[25.5204,54.281],[25.5631,54.275],[25.5658,54.2701],[25.5524,54.2657],[25.5629,54.2626],[25.5721,54.2518],[25.5676,54.2511],[25.5709,54.2455],[25.5902,54.2326],[25.5894,54.2251],[25.5764,54.2247],[25.5642,54.2326],[25.5554,54.2261],[25.5458,54.2289],[25.5467,54.2212],[25.5643,54.2138],[25.5622,54.1991],[25.5165,54.1863],[25.5117,54.1803],[25.5111,54.175],[25.5218,54.1665],[25.5296,54.1665],[25.5338,54.156],[25.5483,54.1531],[25.5548,54.1461],[25.5655,54.1511],[25.6017,54.1458],[25.6009,54.1425],[25.6232,54.1433],[25.631,54.1333],[25.6286,54.1308],[25.639,54.1277],[25.6402,54.1309],[25.6501,54.1284],[25.6641,54.1407],[25.6848,54.1407],[25.6895,54.1484],[25.6866,54.1571],[25.7005,54.155],[25.7074,54.1635],[25.7036,54.1689],[25.7357,54.1616],[25.7346,54.157],[25.7395,54.1562],[25.741,54.1611],[25.7742,54.1619],[25.7823,54.1602],[25.7798,54.1547],[25.7859,54.155],[25.7888,54.1652],[25.7793,54.1678],[25.7789,54.1776],[25.7707,54.1832],[25.7795,54.1917],[25.7778,54.1995],[25.752,54.2144],[25.7501,54.2219],[25.7859,54.2336],[25.7846,54.2376],[25.7746,54.2373],[25.7571,54.2516],[25.7465,54.266],[25.751,54.2681],[25.7438,54.2732],[25.7214,54.2762],[25.7129,54.2716],[25.6987,54.2804],[25.7076,54.2855],[25.6996,54.2907],[25.7106,54.2969],[25.6857,54.3184],[25.6772,54.324],[25.662,54.3222],[25.6428,54.3107],[25.6303,54.3181],[25.6204,54.3105],[25.5892,54.316],[25.5872,54.3223],[25.5525,54.315],[25.5467,54.3237],[25.5522,54.3256],[25.5485,54.3315],[25.5338,54.335],[25.5319,54.342],[25.5557,54.3423],[25.5626,54.3658],[25.5937,54.3754],[25.5861,54.3903],[25.5904,54.4015],[25.6048,54.3965],[25.6329,54.423],[25.6217,54.4405],[25.6207,54.4508],[25.628,54.4552],[25.6172,54.4592],[25.6065,54.4565],[25.6024,54.4611],[25.6391,54.4728],[25.6409,54.476],[25.6283,54.4775],[25.625,54.4898],[25.609,54.4925],[25.6023,54.4823],[25.5762,54.4777],[25.5729,54.4704],[25.5789,54.47],[25.5763,54.464],[25.5575,54.4686],[25.5555,54.4755],[25.5447,54.476],[25.5434,54.47],[25.5319,54.4665],[25.5239,54.4774],[25.5156,54.476],[25.5192,54.4829],[25.4925,54.4803],[25.4445,54.5035],[25.4384,54.5021],[25.4408,54.4936],[25.4289,54.4941],[25.4197,54.489],[25.4162,54.4919],[25.4191,54.4954],[25.4085,54.4991],[25.3566,54.4977],[25.3554,54.501],[25.3433,54.495],[25.334,54.4978],[25.3188,54.4934],[25.3195,54.4716],[25.3096,54.4663],[25.2614,54.4666],[25.2534,54.4626],[25.2212,54.4751],[25.2305,54.4878],[25.2201,54.5037]]]}},{"type":"Feature","properties":{"code":"79","name":"Trakų r. sav."},"geometry":{"type":"Polygon","coordinates":[[[25.0187,54.7385],[24.9946,54.733],[24.9746,54.7374],[24.9478,54.7238],[24.9442,54.7174],[24.8934,54.7299],[24.8854,54.7237],[24.865,54.7268],[24.8459,54.706],[24.8269,54.6968],[24.825,54.6916],[24.8158,54.6903],[24.8021,54.6736],[24.8123,54.6669],[24.7758,54.6398],[24.7486,54.6396],[24.7073,54.6536],[24.6744,54.6434],[24.6444,54.6517],[24.6237,54.6521],[24.5807,54.645],[24.5584,54.6525],[24.5299,54.6539],[24.519,54.6604],[24.4985,54.6473],[24.4705,54.6416],[24.4729,54.636],[24.4574,54.6313],[24.4727,54.6301],[24.4803,54.6203],[24.4736,54.618],[24.4883,54.6076],[24.4813,54.6029],[24.465,54.6075],[24.4568,54.5952],[24.4727,54.5904],[24.4642,54.5875],[24.4431,54.5911],[24.4514,54.5948],[24.447,54.5972],[24.4387,54.5944],[24.4399,54.5889],[24.4326,54.5971],[24.4238,54.5956],[24.4275,54.5932],[24.4233,54.5878],[24.4248,54.578],[24.4157,54.5687],[24.4219,54.5608],[24.4215,54.5431],[24.4053,54.5248],[24.4135,54.521],[24.4043,54.5191],[24.4241,54.5134],[24.4086,54.5114],[24.4093,54.5051],[24.4167,54.505],[24.419,54.4901],[24.3937,54.4837],[24.4013,54.4738],[24.4175,54.4738],[24.4342,54.4641],[24.4333,54.4553],[24.4386,54.4518],[24.4167,54.4361],[24.4159,54.4267],[24.4329,54.4279],[24.4302,54.4311],[24.4355,54.4304],[24.4344,54.434],[24.4374,54.4255],[24.4862,54.422],[24.5014,54.4238],[24.503,54.4281],[24.5456,54.4298],[24.5385,54.4218],[24.5401,54.4176],[24.5594,54.4119],[24.5584,54.4187],[24.5719,54.4178],[24.5697,54.4144],[24.5757,54.4113],[24.5843,54.4133],[24.5861,54.4316],[24.597,54.4279],[24.6137,54.4326],[24.6165,54.4359],[24.6131,54.4373],[24.6194,54.4414],[24.6553,54.4394],[24.6577,54.4463],[24.6682,54.4478],[24.6891,54.4328],[24.7205,54.4293],[24.7212,54.4126],[24.7066,54.4087],[24.7118,54.3949],[24.7213,54.3884],[24.7302,54.3934],[24.7368,54.4054],[24.7471,54.3971],[24.8029,54.4056],[24.8041,54.3984],[24.8463,54.3979],[24.843,54.4063],[24.8547,54.4083],[24.8532,54.4134],[24.8681,54.4111],[24.8734,54.4154],[24.9026,54.4187],[24.9068,54.4102],[24.9116,54.4097],[24.922,54.4251],[24.9404,54.4307],[24.9621,54.4345],[24.9753,54.4314],[24.9872,54.4373],[25.0059,54.4366],[25.0191,54.4442],[25.0706,54.4515],[25.0708,54.472],[25.0911,54.475],[25.1088,54.4861],[25.1149,54.4827],[25.1423,54.4892],[25.1507,54.5103],[25.1452,54.5181],[25.1674,54.5233],[25.1694,54.5348],[25.1645,54.5408],[25.1421,54.539],[25.143,54.546],[25.1319,54.5482],[25.1275,54.5435],[25.118,54.5449],[25.1062,54.5512],[25.1138,54.5566],[25.0937,54.5646],[25.0833,54.5505],[25.0283,54.5553],[25.0785,54.599],[25.0661,54.6196],[25.0246,54.6232],[25.0764,54.6395],[25.0682,54.6428],[25.0744,54.6439],[25.0742,54.6556],[25.1101,54.6559],[25.1036,54.6604],[25.1113,54.6638],[25.0795,54.6646],[25.0719,54.674],[25.0682,54.6903],[25.0748,54.7074],[25.0502,54.7217],[25.0121,54.7234],[25.0128,54.7289],[25.0235,54.7335],[25.0187,54.7385]]]}},{"type":"Feature","properties":{"code":"42","name":"Elektrėnų sav."},"geometry":{"type":"Polygon","coordinates":[[[24.8524,54.8595],[24.8453,54.8622],[24.8466,54.8775],[24.8336,54.8805],[24.8306,54.8857],[24.8212,54.8821],[24.8096,54.8875],[24.795,54.8776],[24.7903,54.8779],[24.7898,54.883],[24.7833,54.8783],[24.7835,54.8842],[24.7783,54.8838],[24.7759,54.8804],[24.7803,54.8763],[24.7526,54.8768],[24.7598,54.8718],[24.7521,54.8715],[24.7613,54.8233],[24.7536,54.8246],[24.7581,54.8269],[24.7551,54.8286],[24.7474,54.8256],[24.7462,54.8193],[24.7425,54.8236],[24.7319,54.8235],[24.7294,54.8158],[24.7089,54.8165],[24.6192,54.83],[24.607,54.8139],[24.5917,54.8103],[24.5792,54.8147],[24.5637,54.8119],[24.5413,54.8199],[24.5437,54.803],[24.5301,54.7987],[24.5853,54.7952],[24.5845,54.7863],[24.5759,54.7856],[24.5818,54.7801],[24.571,54.7748],[24.5806,54.766],[24.566,54.767],[24.5684,54.7582],[24.5588,54.7577],[24.5596,54.7419],[24.549,54.7402],[24.5522,54.7369],[24.546,54.736],[24.5473,54.7322],[24.5038,54.7289],[24.5013,54.7119],[24.4904,54.7161],[24.4892,54.7051],[24.4969,54.7015],[24.4842,54.7001],[24.4806,54.6934],[24.4759,54.6956],[24.4641,54.6832],[24.4718,54.6655],[24.4652,54.6623],[24.4705,54.6416],[24.4985,54.6473],[24.519,54.6604],[24.5299,54.6539],[24.5584,54.6525],[24.5807,54.645],[24.6237,54.6521],[24.6444,54.6517],[24.6744,54.6434],[24.7073,54.6536],[24.7486,54.6396],[24.7758,54.6398],[24.8123,54.6669],[24.8021,54.6736],[24.8158,54.6903],[24.825,54.6916],[24.8269,54.6968],[24.8459,54.706],[24.865,54.7268],[24.8854,54.7237],[24.8934,54.7299],[24.9442,54.7174],[24.9775,54.7432],[24.9964,54.7475],[24.9767,54.7557],[24.9667,54.7676],[24.9477,54.7683],[24.9384,54.7756],[24.9587,54.7921],[24.9763,54.7988],[24.9641,54.8083],[24.9243,54.8154],[24.9193,54.812],[24.9202,54.7967],[24.9132,54.7879],[24.8896,54.7921],[24.8912,54.804],[24.8852,54.8197],[24.8926,54.8327],[24.9037,54.8333],[24.9052,54.8386],[24.8898,54.846],[24.8664,54.8438],[24.8606,54.8475],[24.8615,54.8564],[24.8524,54.8595]]]}},{"type":"Feature","properties":{"code":"29","name":"Šiaulių m. sav."},"geometry":{"type":"Polygon","coordinates":[[[23.3548,55.9696],[23.3467,55.961],[23.335,55.9674],[23.3238,55.9664],[23.3251,55.9713],[23.3042,55.9668],[23.3074,55.9656],[23.3018,55.9611],[23.2945,55.9641],[23.2903,55.957],[23.2803,55.9608],[23.2719,55.9546],[23.2855,55.9478],[23.2767,55.9396],[23.2844,55.9281],[23.2379,55.9171],[23.2393,55.9137],[23.228,55.9076],[23.2531,55.8958],[23.2655,55.8822],[23.2725,55.8874],[23.2696,55.8893],[23.2944,55.8985],[23.2954,55.9036],[23.3083,55.8982],[23.3043,55.8969],[23.3177,55.891],[23.3072,55.8826],[23.2694,55.872],[23.2653,55.8642],[23.2928,55.8513],[23.3224,55.8448],[23.3214,55.8415],[23.3278,55.8408],[23.3345,55.8534],[23.3379,55.8528],[23.3433,55.8702],[23.3649,55.8691],[23.3621,55.8785],[23.3704,55.8825],[23.3856,55.8723],[23.398,55.8774],[23.4211,55.873],[23.4178,55.8756],[23.429,55.8861],[23.4186,55.8982],[23.413,55.8976],[23.3908,55.9147],[23.3729,55.9128],[23.3605,55.9176],[23.3594,55.9232],[23.3685,55.9233],[23.3671,55.9311],[23.3499,55.9326],[23.3489,55.9437],[23.3435,55.946],[23.3461,55.9551],[23.3421,55.9558],[23.3593,55.9659],[23.3548,55.9696]]]}},{"type":"Feature","properties":{"code":"53","name":"Kėdainių r. sav."},"geometry":{"type":"Polygon","coordinates":[[[23.9907,55.5113],[23.9874,55.5156],[23.9626,55.5053],[23.9469,55.506],[23.9214,55.5355],[23.9118,55.54],[23.9159,55.5544],[23.9126,55.5637],[23.893,55.5567],[23.8792,55.5581],[23.8528,55.5474],[23.8314,55.5477],[23.8105,55.5416],[23.8126,55.5392],[23.7296,55.5193],[23.735,55.512],[23.6841,55.5025],[23.6745,55.4926],[23.6566,55.4859],[23.6646,55.4772],[23.6592,55.4769],[23.6563,55.4691],[23.6179,55.4714],[23.6107,55.4759],[23.5891,55.4737],[23.5948,55.4726],[23.5932,55.4627],[23.5835,55.4481],[23.57,55.4491],[23.5601,55.4434],[23.5726,55.4405],[23.5769,55.4334],[23.5452,55.4283],[23.5457,55.4103],[23.5553,55.3961],[23.5812,55.3972],[23.5884,55.3904],[23.5996,55.3671],[23.6113,55.3573],[23.6026,55.3537],[23.6062,55.347],[23.6158,55.3497],[23.6253,55.3414],[23.6256,55.3351],[23.6189,55.3346],[23.6202,55.3317],[23.6394,55.3244],[23.6403,55.3199],[23.6182,55.3225],[23.6079,55.3171],[23.6219,55.3092],[23.6056,55.2961],[23.6185,55.2831],[23.6057,55.2782],[23.5959,55.2795],[23.5986,55.2829],[23.5854,55.281],[23.5812,55.2735],[23.5834,55.2685],[23.575,55.2622],[23.5713,55.2489],[23.5932,55.2505],[23.598,55.2248],[23.5821,55.2152],[23.5697,55.2147],[23.5827,55.191],[23.5505,55.1704],[23.5612,55.1629],[23.5589,55.158],[23.6009,55.1482],[23.6124,55.1508],[23.6118,55.1561],[23.6983,55.1552],[23.7015,55.1599],[23.7309,55.1637],[23.7327,55.1576],[23.7887,55.16],[23.8131,55.1564],[23.8139,55.1672],[23.8639,55.1854],[23.8859,55.1676],[23.8826,55.1621],[23.9016,55.1476],[23.9076,55.1527],[23.943,55.1392],[23.9932,55.1306],[23.9973,55.1224],[23.9889,55.1153],[23.9984,55.1121],[24.0155,55.1161],[24.0324,55.1324],[24.0341,55.1381],[24.0261,55.139],[24.0309,55.1473],[24.0559,55.1539],[24.0494,55.1749],[24.107,55.2028],[24.1147,55.1975],[24.1393,55.2023],[24.1552,55.2169],[24.1558,55.23],[24.1615,55.233],[24.1586,55.2375],[24.1691,55.2377],[24.1751,55.2433],[24.185,55.2388],[24.1884,55.2417],[24.178,55.2461],[24.1879,55.2573],[24.2055,55.2586],[24.202,55.2677],[24.3162,55.2697],[24.3188,55.2755],[24.3525,55.2844],[24.368,55.2963],[24.3882,55.2918],[24.3931,55.2985],[24.3866,55.3293],[24.398,55.3329],[24.4029,55.3496],[24.4071,55.3496],[24.4044,55.3521],[24.4206,55.3568],[24.4189,55.3644],[24.4281,55.366],[24.4344,55.3858],[24.4298,55.3907],[24.4146,55.3867],[24.4001,55.3931],[24.3969,55.4045],[24.403,55.4087],[24.385,55.414],[24.3862,55.4244],[24.3935,55.4267],[24.3858,55.4354],[24.3653,55.4354],[24.3635,55.4407],[24.3548,55.4377],[24.347,55.4426],[24.3182,55.4462],[24.3168,55.4542],[24.3079,55.456],[24.3011,55.438],[24.2427,55.4538],[24.2432,55.4664],[24.205,55.4748],[24.2003,55.4747],[24.2028,55.4597],[24.1933,55.4446],[24.1642,55.4511],[24.1629,55.4453],[24.1504,55.4378],[24.132,55.4357],[24.1201,55.4383],[24.1199,55.4503],[24.0957,55.4517],[24.092,55.4442],[24.0631,55.4395],[24.0384,55.4436],[24.0551,55.4654],[24.0546,55.4758],[24.0398,55.4797],[24.0027,55.5142],[23.9907,55.5113]]]}},{"type":"Feature","properties":{"code":"81","name":"Ukmergės r. sav."},"geometry":{"type":"Polygon","coordinates":[[[24.7717,55.4802],[24.7672,55.4836],[24.7599,55.4789],[24.7435,55.4787],[24.7335,55.4927],[24.7229,55.491],[24.7197,55.4992],[24.6968,55.5062],[24.6839,55.4984],[24.6754,55.5034],[24.6626,55.4972],[24.6575,55.5012],[24.655,55.5177],[24.6427,55.5157],[24.6435,55.5097],[24.6298,55.5097],[24.6476,55.4953],[24.6506,55.4616],[24.6049,55.4496],[24.5673,55.452],[24.5557,55.4594],[24.5491,55.4562],[24.5417,55.4609],[24.5349,55.4577],[24.542,55.4531],[24.5363,55.4523],[24.5358,55.446],[24.5411,55.4343],[24.5521,55.426],[24.4877,55.4064],[24.485,55.395],[24.4784,55.3948],[24.478,55.4006],[24.4552,55.4014],[24.4503,55.3955],[24.4298,55.3909],[24.4344,55.3858],[24.4281,55.366],[24.4189,55.3644],[24.4206,55.3568],[24.4044,55.3521],[24.4071,55.3496],[24.4029,55.3496],[24.398,55.3329],[24.3866,55.3293],[24.3913,55.2968],[24.4207,55.2881],[24.4143,55.2841],[24.4214,55.2795],[24.4177,55.2761],[24.4271,55.2745],[24.4202,55.2613],[24.4262,55.2598],[24.411,55.2347],[24.4263,55.2312],[24.4251,55.2272],[24.4386,55.2272],[24.4455,55.2331],[24.5053,55.2225],[24.4811,55.2001],[24.4822,55.1941],[24.4904,55.1916],[24.4846,55.1862],[24.4984,55.1723],[24.5013,55.1607],[24.5193,55.1549],[24.5401,55.1554],[24.5338,55.1454],[24.5169,55.1405],[24.5284,55.1304],[24.5348,55.1335],[24.5411,55.1285],[24.537,55.1267],[24.5472,55.1241],[24.5444,55.1187],[24.5548,55.1141],[24.5563,55.107],[24.5701,55.1106],[24.5685,55.1137],[24.5809,55.1117],[24.5781,55.1078],[24.5843,55.1058],[24.5798,55.103],[24.5854,55.0998],[24.5815,55.0954],[24.597,55.0855],[24.6136,55.0904],[24.6466,55.1109],[24.6589,55.0978],[24.6733,55.0906],[24.678,55.0998],[24.7033,55.0919],[24.7246,55.1048],[24.7317,55.1148],[24.8047,55.1106],[24.8212,55.115],[24.8404,55.1028],[24.8834,55.1032],[24.8824,55.1091],[24.9482,55.1185],[24.9442,55.1241],[24.9465,55.1304],[25.0001,55.1483],[25.0147,55.1446],[25.0171,55.1558],[25.0248,55.1597],[25.0319,55.1537],[25.0554,55.1509],[25.0792,55.1362],[25.0858,55.1385],[25.107,55.1266],[25.1374,55.1405],[25.1516,55.139],[25.1547,55.1491],[25.1629,55.1487],[25.1654,55.154],[25.1915,55.1538],[25.2289,55.1661],[25.233,55.17],[25.2272,55.1793],[25.2429,55.1852],[25.2396,55.1887],[25.266,55.1881],[25.2674,55.1915],[25.2563,55.1949],[25.2444,55.192],[25.2468,55.1958],[25.2417,55.1973],[25.2315,55.1931],[25.2274,55.205],[25.2122,55.2135],[25.178,55.2083],[25.1575,55.2215],[25.1783,55.2368],[25.1878,55.2674],[25.1588,55.2643],[25.1406,55.2517],[25.1402,55.2576],[25.1062,55.2648],[25.1108,55.2798],[25.1004,55.2846],[25.1011,55.2917],[25.0798,55.2928],[25.0843,55.2954],[25.0838,55.3015],[25.0737,55.3133],[25.0583,55.3068],[25.0511,55.3077],[25.0517,55.3142],[25.0372,55.3101],[25.0142,55.3157],[24.9958,55.3067],[24.9838,55.3125],[24.9747,55.3482],[24.9678,55.3567],[24.9048,55.3399],[24.8908,55.3449],[24.8994,55.3522],[24.8986,55.3592],[24.8752,55.3598],[24.851,55.3526],[24.8423,55.3591],[24.8274,55.3575],[24.8296,55.3611],[24.7886,55.3725],[24.7842,55.3813],[24.7927,55.4053],[24.7828,55.4096],[24.7964,55.4255],[24.8123,55.4189],[24.8171,55.4225],[24.8197,55.4382],[24.8134,55.4445],[24.7843,55.4522],[24.78,55.4686],[24.774,55.4674],[24.7717,55.4802]]]}},{"type":"Feature","properties":{"code":"45","name":"Ignalinos r. sav."},"geometry":{"type":"Polygon","coordinates":[[[26.6323,55.5859],[26.6364,55.5975],[26.6325,55.6089],[26.6157,55.6009],[26.6268,55.5947],[26.6193,55.5847],[26.6198,55.5921],[26.6093,55.5908],[26.6109,55.5993],[26.6009,55.5988],[26.5843,55.5866],[26.5553,55.5781],[26.5292,55.5622],[26.4515,55.562],[26.4152,55.5505],[26.411,55.5594],[26.4049,55.5596],[26.4126,55.569],[26.3911,55.5747],[26.3868,55.5805],[26.3916,55.5813],[26.3904,55.5883],[26.4084,55.6016],[26.3147,55.6019],[26.2775,55.6118],[26.2627,55.6004],[26.2485,55.599],[26.2519,55.5965],[26.246,55.5911],[26.2478,55.586],[26.2405,55.5815],[26.2495,55.5747],[26.2217,55.5715],[26.2221,55.5635],[26.2473,55.5557],[26.2438,55.5531],[26.2235,55.5603],[26.2281,55.5403],[26.1819,55.5314],[26.1501,55.5361],[26.1076,55.5337],[26.1095,55.5211],[26.0151,55.516],[26.0161,55.5249],[26.006,55.526],[25.9828,55.5241],[25.9827,55.5181],[25.965,55.5183],[25.9648,55.5078],[25.9825,55.5078],[25.9826,55.4885],[25.9955,55.4884],[25.9951,55.471],[26.0452,55.47],[26.0432,55.4631],[26.0258,55.4637],[26.026,55.4503],[26.0209,55.4439],[26.0275,55.4371],[26.0431,55.4377],[26.0455,55.4091],[26.0625,55.4096],[26.0639,55.3935],[26.0525,55.3999],[26.0393,55.398],[26.0256,55.4126],[26.0058,55.4209],[25.9746,55.4094],[25.95,55.4145],[25.9376,55.4222],[25.9296,55.419],[25.9128,55.4113],[25.9316,55.401],[25.9449,55.4],[25.9378,55.3979],[25.9455,55.3866],[25.9431,55.3779],[25.9519,55.3802],[25.9515,55.3743],[25.9742,55.3683],[25.9724,55.3575],[25.9461,55.3446],[25.9268,55.3474],[25.8874,55.3647],[25.8788,55.344],[25.8701,55.3384],[25.8741,55.3374],[25.8599,55.3331],[25.8721,55.3179],[25.8574,55.3049],[25.8961,55.2891],[25.8974,55.2814],[25.8924,55.2793],[25.9072,55.2742],[25.9133,55.276],[25.9149,55.2823],[25.93,55.2757],[25.9296,55.2864],[25.9396,55.2866],[25.9403,55.2801],[25.9606,55.2829],[25.9864,55.2717],[26.0011,55.2776],[26.0295,55.2755],[26.0433,55.2883],[26.0197,55.2866],[26.0465,55.2988],[26.061,55.2912],[26.0638,55.2942],[26.056,55.2938],[26.0588,55.3097],[26.0624,55.3075],[26.061,55.2962],[26.0902,55.2928],[26.1009,55.2872],[26.122,55.2937],[26.1313,55.2873],[26.1447,55.2877],[26.1472,55.2825],[26.1398,55.2788],[26.1492,55.2759],[26.1483,55.2631],[26.1832,55.2516],[26.1678,55.2458],[26.153,55.2297],[26.1538,55.225],[26.1862,55.222],[26.1957,55.2402],[26.1991,55.2357],[26.2126,55.2362],[26.222,55.2378],[26.2295,55.2456],[26.2646,55.2235],[26.2845,55.2322],[26.2839,55.2287],[26.2954,55.2249],[26.3304,55.219],[26.3363,55.2272],[26.342,55.2188],[26.3806,55.2243],[26.4004,55.2163],[26.4199,55.2179],[26.4484,55.2092],[26.4576,55.2188],[26.4849,55.2127],[26.4945,55.217],[26.5182,55.2143],[26.524,55.2251],[26.5405,55.2254],[26.554,55.2193],[26.5681,55.2283],[26.5968,55.2287],[26.617,55.241],[26.6127,55.247],[26.6267,55.2463],[26.6285,55.2501],[26.6126,55.2534],[26.6247,55.2618],[26.633,55.2593],[26.6456,55.2651],[26.6595,55.2557],[26.6672,55.2613],[26.7586,55.2643],[26.7394,55.2566],[26.7489,55.2515],[26.7613,55.2582],[26.7801,55.2599],[26.7863,55.2675],[26.7987,55.266],[26.7981,55.2736],[26.8292,55.2762],[26.8356,55.2856],[26.8318,55.3069],[26.8176,55.3082],[26.8142,55.3154],[26.7921,55.3212],[26.7203,55.3219],[26.7087,55.3291],[26.6836,55.3315],[26.664,55.3389],[26.6435,55.3341],[26.6408,55.3248],[26.6324,55.3219],[26.6246,55.3266],[26.6311,55.3333],[26.6266,55.3349],[26.6143,55.332],[26.6179,55.3267],[26.6073,55.3196],[26.5893,55.3192],[26.5834,55.3263],[26.5721,55.3259],[26.5721,55.322],[26.5637,55.3192],[26.5482,55.3289],[26.5155,55.33],[26.4752,55.3415],[26.4531,55.3398],[26.4399,55.348],[26.4726,55.3563],[26.475,55.37],[26.4876,55.3729],[26.5032,55.3697],[26.5113,55.3796],[26.5539,55.3889],[26.5481,55.408],[26.5595,55.4111],[26.5386,55.4396],[26.5441,55.4426],[26.5603,55.4381],[26.5421,55.4507],[26.5574,55.4626],[26.5504,55.4772],[26.5388,55.4844],[26.5385,55.4954],[26.5243,55.5101],[26.5343,55.5248],[26.5506,55.5254],[26.5656,55.5339],[26.5854,55.5376],[26.5862,55.5462],[26.608,55.5625],[26.6236,55.5656],[26.6208,55.5692],[26.6275,55.5724],[26.6323,55.5859]]]}},{"type":"Feature","properties":{"code":"91","name":"Šiaulių r. sav."},"geometry":{"type":"Polygon","coordinates":[[[23.232,56.1695],[23.2001,56.1797],[23.2048,56.1832],[23.201,56.1899],[23.1894,56.1933],[23.1831,56.2009],[23.193,56.2041],[23.1687,56.2092],[23.163,56.2145],[23.1301,56.2091],[23.1356,56.2044],[23.1041,56.1954],[23.0995,56.1993],[23.0894,56.1905],[23.0842,56.1999],[23.0892,56.2039],[23.0422,56.1964],[23.0363,56.1858],[23.0296,56.1848],[23.0193,56.1907],[22.9849,56.184],[22.9672,56.1888],[22.9629,56.1816],[22.9671,56.18],[22.9624,56.1786],[22.9835,56.1675],[22.9657,56.1616],[22.9654,56.1552],[22.9553,56.1581],[22.9546,56.1522],[22.9496,56.1521],[22.9489,56.1475],[22.9647,56.1412],[22.9363,56.1361],[22.9322,56.1313],[22.9358,56.1259],[22.9193,56.1176],[22.8942,56.117],[22.8989,56.1018],[22.8825,56.1045],[22.8791,56.1106],[22.8577,56.11],[22.8395,56.1017],[22.8385,56.0961],[22.848,56.0899],[22.8537,56.0732],[22.8423,56.0714],[22.831,56.0794],[22.8113,56.0841],[22.7056,56.0642],[22.7114,56.0502],[22.7046,56.0477],[22.6661,56.0535],[22.6435,56.0474],[22.6404,56.0348],[22.6241,56.0437],[22.623,56.0315],[22.6367,56.0274],[22.6217,56.0193],[22.6299,56.0165],[22.6151,56.0071],[22.6205,56.0006],[22.6114,55.9957],[22.6142,55.9883],[22.6034,55.9885],[22.5843,55.9795],[22.5966,55.9696],[22.6076,55.9677],[22.6027,55.953],[22.6183,55.9486],[22.6585,55.951],[22.6492,55.9712],[22.6683,55.9706],[22.6829,55.9391],[22.6909,55.9403],[22.6982,55.932],[22.7118,55.9304],[22.678,55.9219],[22.6855,55.9113],[22.6928,55.9125],[22.6956,55.9083],[22.6888,55.9066],[22.6897,55.9034],[22.7116,55.9066],[22.7142,55.9007],[22.7374,55.9023],[22.7523,55.8815],[22.7965,55.8867],[22.8024,55.8813],[22.7999,55.8773],[22.8548,55.8661],[22.8532,55.8558],[22.857,55.853],[22.8747,55.8639],[22.8934,55.8624],[22.9018,55.8586],[22.9023,55.8538],[22.9126,55.8557],[22.9194,55.8754],[22.956,55.8726],[22.9596,55.8645],[22.9397,55.853],[22.9516,55.8449],[22.9506,55.8405],[22.9663,55.8398],[22.9725,55.8233],[23.0122,55.8274],[23.017,55.8159],[23.0278,55.8133],[23.0263,55.8048],[23.0488,55.7988],[23.0527,55.8005],[23.0478,55.8063],[23.0558,55.8046],[23.0571,55.7978],[23.0516,55.7943],[23.0552,55.7921],[23.0467,55.7738],[23.0671,55.7763],[23.0833,55.769],[23.0675,55.76],[23.1034,55.7571],[23.1134,55.7644],[23.124,55.7592],[23.1409,55.7593],[23.1523,55.7496],[23.175,55.7606],[23.2361,55.7314],[23.2684,55.7593],[23.3016,55.7786],[23.3289,55.8146],[23.3602,55.8071],[23.3571,55.8029],[23.368,55.7992],[23.3922,55.8197],[23.3946,55.8296],[23.3765,55.8381],[23.3911,55.8495],[23.4113,55.8445],[23.4495,55.8829],[23.4777,55.8825],[23.4756,55.8874],[23.4814,55.8898],[23.4894,55.8873],[23.5032,55.898],[23.5111,55.8956],[23.5341,55.9193],[23.5522,55.9139],[23.5662,55.9246],[23.5716,55.9294],[23.5662,55.9438],[23.5735,55.9591],[23.5295,55.9811],[23.5368,55.9864],[23.5441,55.9835],[23.565,56.0005],[23.5692,55.9986],[23.5902,56.0179],[23.5795,56.0268],[23.5712,56.0209],[23.5477,56.0311],[23.5421,56.027],[23.5289,56.0328],[23.5443,56.0436],[23.5595,56.0398],[23.5779,56.0509],[23.5726,56.0494],[23.5696,56.0508],[23.5731,56.0534],[23.5496,56.0632],[23.5136,56.0768],[23.51,56.0738],[23.4836,56.0866],[23.4779,56.0821],[23.4395,56.0929],[23.4445,56.0968],[23.4412,56.1042],[23.4172,56.115],[23.4091,56.1088],[23.3853,56.1186],[23.3629,56.1295],[23.3715,56.1362],[23.3503,56.1449],[23.3207,56.1447],[23.3125,56.1408],[23.3333,56.132],[23.3277,56.1278],[23.2764,56.1476],[23.2909,56.1497],[23.3131,56.1664],[23.3099,56.1677],[23.3191,56.1746],[23.3066,56.1799],[23.2936,56.1746],[23.2733,56.1854],[23.2691,56.1826],[23.2561,56.1876],[23.232,56.1695]],[[23.3203,55.9684],[23.3251,55.9713],[23.3238,55.9664],[23.335,55.9674],[23.3467,55.961],[23.3548,55.9696],[23.3592,55.968],[23.3421,55.9558],[23.3461,55.9551],[23.3435,55.946],[23.3489,55.9437],[23.3499,55.9326],[23.3671,55.9311],[23.3685,55.9233],[23.3594,55.9232],[23.3605,55.9176],[23.3729,55.9128],[23.3908,55.9147],[23.413,55.8976],[23.4186,55.8982],[23.429,55.8861],[23.4178,55.8756],[23.4211,55.873],[23.398,55.8774],[23.3856,55.8723],[23.3708,55.8825],[23.3645,55.8805],[23.3613,55.8751],[23.3649,55.8691],[23.3433,55.8702],[23.3379,55.8528],[23.3345,55.8534],[23.3278,55.8408],[23.2683,55.861],[23.2655,55.8674],[23.2694,55.872],[23.3072,55.8826],[23.3177,55.891],[23.2954,55.9036],[23.2944,55.8985],[23.2696,55.8893],[23.2725,55.8874],[23.2655,55.8822],[23.2531,55.8958],[23.228,55.9076],[23.2393,55.9137],[23.2379,55.9171],[23.2844,55.9281],[23.2767,55.9396],[23.2855,55.9478],[23.2719,55.9546],[23.2803,55.9608],[23.2903,55.957],[23.2945,55.9641],[23.3018,55.9611],[23.3074,55.9656],[23.3042,55.9668],[23.3203,55.9684]]]}},{"type":"Feature","properties":{"code":"77","name":"Tauragės r. sav."},"geometry":{"type":"Polygon","coordinates":[[[22.6758,55.4711],[22.6264,55.4766],[22.6307,55.4703],[22.619,55.4686],[22.6256,55.4636],[22.6252,55.4556],[22.6132,55.4571],[22.6128,55.4515],[22.5995,55.4493],[22.5957,55.442],[22.5806,55.445],[22.5702,55.4546],[22.4807,55.4304],[22.4569,55.4373],[22.4258,55.4255],[22.4258,55.4167],[22.4031,55.4317],[22.389,55.4247],[22.3694,55.4295],[22.3644,55.4332],[22.3695,55.4394],[22.34,55.4591],[22.3239,55.4513],[22.3209,55.4579],[22.3071,55.4541],[22.3074,55.4609],[22.2974,55.4615],[22.2904,55.4509],[22.3016,55.447],[22.2699,55.4416],[22.2747,55.4344],[22.2997,55.4295],[22.294,55.4255],[22.3101,55.4236],[22.308,55.4153],[22.3194,55.4078],[22.2687,55.3829],[22.2604,55.3802],[22.2284,55.3953],[22.1756,55.37],[22.1565,55.3827],[22.1415,55.3643],[22.1336,55.3676],[22.1089,55.3588],[22.1004,55.3749],[22.0763,55.3689],[22.0695,55.3819],[22.0505,55.3835],[22.0594,55.3895],[22.0555,55.398],[22.0359,55.3918],[22.0248,55.3936],[21.9981,55.354],[21.9755,55.3429],[21.9528,55.3392],[21.9509,55.3268],[21.935,55.3194],[21.8804,55.276],[21.9696,55.2583],[21.9912,55.2469],[22.0343,55.2388],[22.04,55.2346],[22.0277,55.2244],[22.0333,55.221],[22.0529,55.1797],[22.0655,55.1671],[22.0572,55.1587],[22.0582,55.1525],[22.0829,55.1515],[22.1217,55.1671],[22.1493,55.1661],[22.1569,55.1751],[22.1698,55.1718],[22.1939,55.1528],[22.24,55.1531],[22.2452,55.1475],[22.2597,55.1527],[22.2716,55.148],[22.2895,55.1493],[22.2935,55.1429],[22.3437,55.1503],[22.3463,55.1433],[22.3806,55.1478],[22.3864,55.1344],[22.4329,55.1402],[22.4329,55.1267],[22.5473,55.141],[22.5802,55.1348],[22.5898,55.1574],[22.5798,55.1677],[22.5963,55.1666],[22.5977,55.1706],[22.5746,55.174],[22.577,55.1799],[22.5715,55.1841],[22.5803,55.1848],[22.5828,55.1904],[22.579,55.1969],[22.5736,55.197],[22.5627,55.234],[22.5815,55.2392],[22.5838,55.2471],[22.5769,55.2503],[22.5793,55.2601],[22.5468,55.2643],[22.5503,55.2702],[22.5375,55.2738],[22.5434,55.2821],[22.5363,55.2819],[22.532,55.2887],[22.5242,55.2906],[22.5344,55.2949],[22.5251,55.304],[22.5383,55.3043],[22.5434,55.3137],[22.6396,55.3117],[22.6443,55.3201],[22.6323,55.3185],[22.6361,55.3215],[22.6326,55.3299],[22.6223,55.3303],[22.6266,55.336],[22.6208,55.3442],[22.6373,55.3474],[22.634,55.3534],[22.6438,55.3555],[22.6324,55.369],[22.7345,55.3888],[22.7294,55.3987],[22.7426,55.4099],[22.7416,55.422],[22.7238,55.4258],[22.7194,55.4202],[22.6957,55.4152],[22.687,55.4478],[22.6702,55.4577],[22.6834,55.4665],[22.6758,55.4711]]]}},{"type":"Feature","properties":{"code":"23","name":"Neringos sav."},"geometry":{"type":"Polygon","coordinates":[[[21.1326,55.6323],[21.1293,55.6572],[21.1339,55.6732],[21.1032,55.667],[21.1063,55.6096],[21.1003,55.5533],[21.0934,55.5185],[21.0721,55.4581],[21.0307,55.3785],[20.9542,55.2808],[20.9831,55.2778],[21.0017,55.2895],[20.997,55.2964],[21.0094,55.3029],[21.008,55.307],[21.0153,55.3142],[21.0585,55.3309],[21.0526,55.3358],[21.0606,55.3507],[21.0537,55.3559],[21.055,55.3658],[21.0796,55.3844],[21.0755,55.3913],[21.0952,55.4023],[21.0861,55.4092],[21.1107,55.4205],[21.1077,55.4275],[21.0901,55.4391],[21.1095,55.481],[21.1188,55.4875],[21.1129,55.4971],[21.1191,55.513],[21.1151,55.5201],[21.1199,55.5406],[21.1288,55.5515],[21.1287,55.5853],[21.1329,55.5904],[21.1299,55.5976],[21.1357,55.6131],[21.1326,55.6323]]]}},{"type":"Feature","properties":{"code":"74","name":"Rietavo sav."},"geometry":{"type":"Polygon","coordinates":[[[22.1236,55.845],[22.1057,55.8444],[22.0889,55.8291],[22.0768,55.8267],[22.0759,55.8209],[22.0523,55.8251],[22.0479,55.8198],[22.0129,55.8306],[22.0187,55.8392],[22.0153,55.8438],[21.9978,55.8405],[21.9904,55.843],[21.9969,55.8487],[21.9835,55.8507],[21.9608,55.8272],[21.9524,55.8298],[21.9499,55.824],[21.939,55.8243],[21.9411,55.8209],[21.9303,55.8254],[21.9207,55.8196],[21.912,55.8211],[21.9156,55.8156],[21.9076,55.8149],[21.9022,55.8037],[21.9047,55.8001],[21.8929,55.7948],[21.9016,55.7893],[21.8981,55.7871],[21.8778,55.7875],[21.8716,55.7931],[21.8617,55.7881],[21.8606,55.7801],[21.7981,55.7939],[21.7848,55.7757],[21.7857,55.7619],[21.7461,55.766],[21.7415,55.7593],[21.7633,55.7496],[21.7601,55.7374],[21.7684,55.7297],[21.7581,55.7262],[21.7512,55.7125],[21.7587,55.7109],[21.7671,55.7014],[21.7807,55.7018],[21.7893,55.6912],[21.8026,55.6887],[21.7913,55.6833],[21.7941,55.6807],[21.7879,55.6713],[21.7912,55.6698],[21.7815,55.6618],[21.799,55.6472],[21.7823,55.6479],[21.7886,55.6417],[21.8089,55.6359],[21.8155,55.6231],[21.8097,55.6184],[21.844,55.618],[21.8417,55.6125],[21.88,55.597],[21.9717,55.6124],[22.0311,55.6063],[22.0266,55.6093],[22.0443,55.6133],[22.0442,55.626],[22.0594,55.63],[22.0619,55.6373],[22.0716,55.6381],[22.0634,55.6481],[22.0723,55.6563],[22.0934,55.66],[22.1232,55.6507],[22.1304,55.6617],[22.1576,55.6663],[22.1548,55.6713],[22.1986,55.677],[22.1981,55.6731],[22.2525,55.6837],[22.2314,55.6918],[22.2534,55.7217],[22.2489,55.7259],[22.2553,55.7321],[22.2282,55.7524],[22.2383,55.7668],[22.2278,55.7705],[22.2287,55.7741],[22.2406,55.7847],[22.1891,55.7977],[22.1821,55.8058],[22.1525,55.8046],[22.1629,55.8112],[22.1471,55.8153],[22.1568,55.8175],[22.1639,55.8332],[22.1555,55.8327],[22.1485,55.8397],[22.1301,55.8373],[22.1236,55.845]]]}},{"type":"Feature","properties":{"code":"38","name":"Varėnos r. sav."},"geometry":{"type":"Polygon","coordinates":[[[24.7193,54.43],[24.6891,54.4328],[24.6682,54.4478],[24.6577,54.4463],[24.6553,54.4394],[24.6194,54.4414],[24.6131,54.4373],[24.6165,54.4359],[24.6137,54.4326],[24.597,54.4279],[24.5861,54.4316],[24.5843,54.4133],[24.5757,54.4113],[24.5697,54.4144],[24.5719,54.4178],[24.5584,54.4187],[24.5594,54.4119],[24.5401,54.4176],[24.5385,54.4218],[24.5456,54.4298],[24.503,54.4281],[24.5014,54.4238],[24.4862,54.422],[24.4382,54.4279],[24.4414,54.4184],[24.4322,54.4175],[24.4338,54.4101],[24.4597,54.3982],[24.4601,54.3896],[24.4522,54.3852],[24.4557,54.3775],[24.4768,54.3668],[24.4751,54.3572],[24.4681,54.3527],[24.4541,54.3563],[24.4482,54.353],[24.4267,54.3736],[24.4133,54.3718],[24.4079,54.3764],[24.3973,54.3726],[24.4019,54.3605],[24.3827,54.3534],[24.4042,54.3502],[24.3939,54.3512],[24.3891,54.3478],[24.3923,54.3411],[24.3755,54.333],[24.3902,54.3249],[24.401,54.3333],[24.4051,54.3318],[24.3864,54.309],[24.3942,54.3079],[24.392,54.2987],[24.3709,54.3044],[24.3479,54.3004],[24.3452,54.3062],[24.33,54.2998],[24.3319,54.2894],[24.2401,54.2663],[24.2156,54.2786],[24.2117,54.2763],[24.2163,54.273],[24.2026,54.2701],[24.1891,54.2807],[24.1533,54.2785],[24.134,54.2675],[24.1314,54.2613],[24.14,54.2548],[24.137,54.2507],[24.1429,54.2435],[24.1265,54.2421],[24.1302,54.2335],[24.124,54.2273],[24.1059,54.2253],[24.1061,54.2074],[24.078,54.2066],[24.0782,54.184],[24.0637,54.1847],[24.0453,54.1747],[24.0165,54.1828],[24.0101,54.1778],[24.0085,54.1683],[23.9929,54.1669],[24.0021,54.1613],[23.9948,54.1574],[23.9908,54.137],[23.9992,54.132],[23.9668,54.1295],[23.9856,54.122],[23.969,54.1224],[23.9606,54.117],[23.9639,54.1057],[23.99,54.1091],[23.9951,54.1163],[24.0173,54.1089],[24.0173,54.103],[24.0243,54.1031],[24.031,54.0928],[24.0181,54.0927],[24.0072,54.0787],[24.0296,54.0704],[24.0359,54.0779],[24.0477,54.0804],[24.0752,54.0712],[24.1304,54.063],[24.1619,54.0721],[24.1766,54.0643],[24.1989,54.0652],[24.2049,53.9995],[24.1905,53.9986],[24.2016,53.9699],[24.2161,53.9572],[24.2102,53.9498],[24.2332,53.9448],[24.2504,53.9528],[24.2597,53.949],[24.2573,53.9425],[24.2635,53.936],[24.2733,53.9352],[24.2869,53.9219],[24.308,53.9273],[24.3029,53.9192],[24.3055,53.9136],[24.3525,53.8967],[24.3904,53.9035],[24.434,53.9045],[24.435,53.901],[24.4478,53.9042],[24.472,53.9298],[24.5035,53.9453],[24.5123,53.966],[24.5203,53.9627],[24.5743,53.988],[24.6027,53.9935],[24.6022,53.9988],[24.6259,54.0105],[24.6312,54.0058],[24.66,54.0056],[24.6722,54.0169],[24.698,54.0172],[24.7058,54.0099],[24.694,53.9909],[24.6933,53.974],[24.6847,53.9621],[24.739,53.9659],[24.7411,53.969],[24.7318,53.9732],[24.7595,53.9899],[24.7506,53.9946],[24.7575,54.0003],[24.7696,53.99],[24.7939,54.0001],[24.8178,53.997],[24.8082,54.0048],[24.8212,54.0126],[24.8322,54.0124],[24.8392,54.021],[24.8319,54.0271],[24.8579,54.0305],[24.862,54.0269],[24.8716,54.0348],[24.8639,54.0394],[24.8412,54.0337],[24.8225,54.0435],[24.8256,54.0547],[24.8198,54.0689],[24.7976,54.0919],[24.779,54.0999],[24.7737,54.1178],[24.7939,54.1154],[24.8305,54.1322],[24.8131,54.1449],[24.8359,54.149],[24.8175,54.1677],[24.826,54.1733],[24.8185,54.1743],[24.8171,54.1872],[24.8093,54.1859],[24.8012,54.1924],[24.7838,54.1953],[24.7683,54.1913],[24.768,54.2003],[24.759,54.2002],[24.7591,54.2197],[24.7643,54.2212],[24.7561,54.224],[24.7719,54.2297],[24.7817,54.2275],[24.7866,54.2347],[24.8137,54.2335],[24.811,54.2492],[24.823,54.2461],[24.8242,54.2546],[24.8348,54.252],[24.8427,54.2568],[24.8565,54.2563],[24.8566,54.269],[24.8893,54.2752],[24.8752,54.284],[24.8739,54.2889],[24.8812,54.2936],[24.934,54.2949],[24.9217,54.3257],[24.9279,54.3361],[24.9121,54.3414],[24.9181,54.3422],[24.9126,54.3611],[24.9287,54.3627],[24.925,54.375],[24.9972,54.3831],[24.9937,54.3961],[25.0166,54.3986],[25.0086,54.4231],[25.0249,54.4251],[25.019,54.4415],[24.9232,54.4257],[24.9116,54.4097],[24.9068,54.4102],[24.9026,54.4187],[24.8734,54.4154],[24.8681,54.4111],[24.8532,54.4134],[24.8547,54.4083],[24.843,54.4063],[24.8463,54.3979],[24.8041,54.3984],[24.8029,54.4056],[24.7471,54.3971],[24.7368,54.4054],[24.7302,54.3934],[24.7213,54.3884],[24.7118,54.3949],[24.7066,54.4087],[24.7212,54.4126],[24.7193,54.43]]]}},{"type":"Feature","properties":{"code":"54","name":"Kelmės r. sav."},"geometry":{"type":"Polygon","coordinates":[[[22.7871,55.8858],[22.7523,55.8815],[22.7374,55.9023],[22.7142,55.9007],[22.7116,55.9066],[22.6863,55.9014],[22.6891,55.8929],[22.6542,55.9015],[22.6637,55.8796],[22.6583,55.8764],[22.6596,55.871],[22.6443,55.8707],[22.6472,55.8627],[22.6323,55.8587],[22.5793,55.863],[22.5609,55.8559],[22.5812,55.8445],[22.5844,55.811],[22.4862,55.7887],[22.512,55.7601],[22.5238,55.756],[22.5094,55.7449],[22.5228,55.7398],[22.5163,55.731],[22.5303,55.7092],[22.5242,55.7046],[22.5296,55.6992],[22.5277,55.695],[22.5168,55.6895],[22.4824,55.6915],[22.4664,55.6797],[22.4663,55.6729],[22.4778,55.6609],[22.477,55.6376],[22.5,55.6335],[22.515,55.6226],[22.4998,55.597],[22.5024,55.589],[22.5265,55.5854],[22.5491,55.5631],[22.5607,55.5679],[22.5867,55.5663],[22.5774,55.5475],[22.5957,55.5382],[22.5951,55.5335],[22.6061,55.5281],[22.6047,55.5236],[22.6204,55.5217],[22.6256,55.5119],[22.643,55.506],[22.64,55.5002],[22.6472,55.4998],[22.6496,55.4947],[22.6235,55.4885],[22.6248,55.4774],[22.6772,55.4713],[22.6761,55.475],[22.6999,55.4897],[22.7105,55.4846],[22.7552,55.5144],[22.7787,55.5033],[22.8177,55.5084],[22.8312,55.5037],[22.8386,55.5089],[22.8495,55.5066],[22.8471,55.4997],[22.8518,55.4934],[22.8425,55.4841],[22.8493,55.4827],[22.8374,55.4767],[22.8264,55.4777],[22.849,55.463],[22.8539,55.4711],[22.8719,55.4702],[22.8766,55.4676],[22.8748,55.463],[22.8904,55.4679],[22.8935,55.4644],[22.9357,55.4854],[22.9885,55.4923],[23.0005,55.4889],[23.0051,55.4966],[23.0115,55.4937],[23.0276,55.4989],[23.0366,55.5102],[23.041,55.5107],[23.0497,55.5004],[23.0641,55.5002],[23.057,55.5157],[23.0635,55.5137],[23.0633,55.5071],[23.0784,55.5017],[23.0855,55.5114],[23.0801,55.5137],[23.0827,55.5208],[23.0783,55.5224],[23.079,55.533],[23.0729,55.5339],[23.0745,55.5402],[23.0961,55.5413],[23.0942,55.5538],[23.1025,55.5545],[23.0974,55.5646],[23.1048,55.567],[23.1189,55.5685],[23.1218,55.5607],[23.13,55.5605],[23.1273,55.5561],[23.1874,55.559],[23.205,55.5662],[23.2154,55.5655],[23.2295,55.5767],[23.2327,55.5725],[23.226,55.5634],[23.2337,55.5589],[23.2409,55.5348],[23.2555,55.5329],[23.2579,55.5263],[23.2764,55.5333],[23.2738,55.5425],[23.2813,55.5427],[23.2799,55.537],[23.289,55.5358],[23.3379,55.5515],[23.3392,55.5553],[23.3599,55.555],[23.3619,55.5632],[23.3295,55.5691],[23.3216,55.5841],[23.3281,55.5996],[23.3249,55.609],[23.3285,55.6154],[23.3246,55.618],[23.338,55.6124],[23.3454,55.6241],[23.332,55.6289],[23.335,55.6431],[23.325,55.6355],[23.3184,55.6431],[23.3185,55.6513],[23.3045,55.6572],[23.3021,55.6633],[23.3079,55.6705],[23.2981,55.6764],[23.3019,55.6835],[23.2747,55.6868],[23.2425,55.6838],[23.2469,55.6864],[23.2369,55.6892],[23.2344,55.6993],[23.2161,55.7019],[23.2203,55.7062],[23.2145,55.7072],[23.2362,55.7314],[23.175,55.7606],[23.1523,55.7496],[23.1409,55.7593],[23.124,55.7592],[23.1134,55.7644],[23.1034,55.7571],[23.0675,55.76],[23.0833,55.769],[23.0671,55.7763],[23.0467,55.7738],[23.0552,55.7921],[23.0516,55.7943],[23.0571,55.7978],[23.0558,55.8046],[23.0478,55.8063],[23.0527,55.8005],[23.0488,55.7988],[23.0263,55.8048],[23.0278,55.8133],[23.017,55.8159],[23.0122,55.8274],[22.9725,55.8233],[22.9663,55.8398],[22.9506,55.8405],[22.9516,55.8449],[22.9397,55.853],[22.9596,55.8645],[22.956,55.8726],[22.9194,55.8754],[22.9126,55.8557],[22.9023,55.8538],[22.9018,55.8586],[22.8934,55.8624],[22.8747,55.8639],[22.857,55.853],[22.8535,55.8669],[22.7999,55.8773],[22.8008,55.8843],[22.7871,55.8858]]]}},{"type":"Feature","properties":{"code":"73","name":"Rokiškio r. sav."},"geometry":{"type":"Polygon","coordinates":[[[25.3658,56.1544],[25.337,56.1541],[25.3149,56.1449],[25.2796,56.1584],[25.2699,56.1707],[25.2545,56.1732],[25.2486,56.1849],[25.2338,56.1922],[25.2149,56.1873],[25.1998,56.1762],[25.1713,56.1742],[25.1721,56.1626],[25.1637,56.1604],[25.1667,56.1562],[25.1945,56.1388],[25.2015,56.1246],[25.2097,56.1288],[25.2198,56.1212],[25.2223,56.1131],[25.2164,56.1072],[25.1854,56.1039],[25.1775,56.0979],[25.1404,56.1055],[25.1256,56.0994],[25.1274,56.0949],[25.1064,56.0984],[25.1073,56.0935],[25.1167,56.0936],[25.1144,56.0877],[25.124,56.0842],[25.1228,56.0708],[25.0838,56.0612],[25.0993,56.0467],[25.1149,56.0415],[25.1171,56.0318],[25.0992,56.026],[25.0991,56.02],[25.0796,56.0123],[25.0732,55.9989],[25.0647,55.9978],[25.069,55.9765],[25.0627,55.971],[25.0976,55.9672],[25.1219,55.9496],[25.1357,55.9524],[25.14,55.9431],[25.1905,55.9533],[25.2062,55.9457],[25.2257,55.9494],[25.2542,55.9362],[25.272,55.937],[25.2775,55.9524],[25.2742,55.9564],[25.2882,55.9642],[25.2992,55.9628],[25.2977,55.9741],[25.3214,55.9796],[25.3226,55.9582],[25.3119,55.9489],[25.3233,55.948],[25.328,55.9407],[25.3233,55.936],[25.324,55.9246],[25.3325,55.9004],[25.3283,55.8788],[25.3198,55.8723],[25.3204,55.8661],[25.3016,55.8553],[25.2969,55.8442],[25.3004,55.8414],[25.2955,55.8405],[25.3,55.8388],[25.2954,55.8367],[25.2987,55.8341],[25.2936,55.8284],[25.3087,55.8108],[25.3362,55.7963],[25.3613,55.7719],[25.3654,55.7616],[25.3898,55.7643],[25.3954,55.758],[25.4042,55.7618],[25.4031,55.7583],[25.4242,55.7514],[25.4406,55.7392],[25.4647,55.7314],[25.4737,55.7427],[25.4987,55.7369],[25.5031,55.7357],[25.4955,55.7261],[25.5256,55.7191],[25.5371,55.7188],[25.543,55.731],[25.5827,55.7217],[25.6001,55.7427],[25.6065,55.7431],[25.6044,55.739],[25.6119,55.7344],[25.6189,55.7374],[25.6452,55.7303],[25.6592,55.7347],[25.6604,55.7391],[25.676,55.7414],[25.6831,55.7339],[25.6863,55.7149],[25.7125,55.7309],[25.717,55.7414],[25.7277,55.742],[25.7294,55.756],[25.7199,55.7576],[25.7298,55.7607],[25.7328,55.7773],[25.7464,55.7783],[25.7461,55.7839],[25.7525,55.7865],[25.8006,55.7716],[25.8228,55.7731],[25.8288,55.7889],[25.8386,55.7971],[25.832,55.8038],[25.8358,55.8059],[25.8248,55.8147],[25.841,55.8121],[25.8367,55.8143],[25.8428,55.8217],[25.8404,55.8351],[25.8677,55.8292],[25.8709,55.8262],[25.8658,55.8223],[25.8718,55.821],[25.895,55.8197],[25.9066,55.8239],[25.9033,55.8625],[25.9662,55.8653],[25.9667,55.8706],[25.9738,55.8696],[25.9641,55.8729],[25.9648,55.8762],[25.9763,55.8861],[25.9881,55.8893],[25.968,55.9093],[25.9726,55.922],[25.9999,55.9351],[26.0059,55.9427],[26.0462,55.9441],[26.046,55.9542],[26.0104,55.967],[25.9999,55.9629],[25.9744,55.9816],[25.946,55.9846],[25.8928,56.0008],[25.8603,55.9997],[25.8489,56.0082],[25.8597,56.0148],[25.8587,56.0225],[25.8504,56.0305],[25.8371,56.0318],[25.82,56.0547],[25.7607,56.0637],[25.7366,56.0768],[25.6877,56.0866],[25.6871,56.0929],[25.6955,56.0949],[25.6992,56.1011],[25.693,56.1039],[25.6996,56.1195],[25.6764,56.1301],[25.6844,56.144],[25.6729,56.1495],[25.651,56.1349],[25.602,56.1344],[25.5654,56.1399],[25.5513,56.162],[25.5361,56.1654],[25.5096,56.1591],[25.5047,56.1445],[25.4798,56.1428],[25.454,56.1471],[25.455,56.1527],[25.4316,56.1544],[25.4208,56.145],[25.4025,56.1485],[25.4041,56.1582],[25.3658,56.1544]]]}},{"type":"Feature","properties":{"code":"56","name":"Kretingos r. sav."},"geometry":{"type":"Polygon","coordinates":[[[21.3996,56.1365],[21.3913,56.1331],[21.3862,56.1343],[21.389,56.1387],[21.3231,56.1521],[21.3081,56.1301],[21.2637,56.1385],[21.259,56.1321],[21.237,56.1367],[21.2423,56.1429],[21.227,56.1461],[21.2328,56.1425],[21.2287,56.1388],[21.2381,56.1313],[21.235,56.1284],[21.2389,56.1229],[21.2333,56.1194],[21.2352,56.1155],[21.2206,56.1088],[21.225,56.1031],[21.2154,56.1017],[21.2021,56.0771],[21.1809,56.075],[21.1617,56.0863],[21.1227,56.0772],[21.1186,56.0465],[21.1389,56.0449],[21.1357,56.0329],[21.1193,56.0327],[21.1123,56.0116],[21.1226,56.0123],[21.1272,55.9972],[21.1221,55.9591],[21.1299,55.9548],[21.1228,55.9534],[21.117,55.9448],[21.1239,55.9444],[21.1271,55.9374],[21.1064,55.9097],[21.0998,55.9094],[21.1052,55.9054],[21.1007,55.8924],[21.1373,55.8745],[21.1361,55.8674],[21.1469,55.8695],[21.1615,55.8643],[21.1683,55.8733],[21.1788,55.8667],[21.2032,55.867],[21.2142,55.8574],[21.2209,55.8605],[21.2286,55.8547],[21.2154,55.844],[21.2277,55.8255],[21.2447,55.8211],[21.2784,55.8368],[21.2955,55.8397],[21.3121,55.8223],[21.3541,55.8131],[21.3521,55.8098],[21.3628,55.8077],[21.3684,55.8155],[21.4121,55.8063],[21.4228,55.8227],[21.448,55.8172],[21.4403,55.8067],[21.4681,55.7932],[21.4654,55.7889],[21.4934,55.7859],[21.4997,55.7877],[21.498,55.7927],[21.5234,55.8201],[21.5263,55.8313],[21.5334,55.8354],[21.5389,55.8329],[21.5358,55.8433],[21.5406,55.8503],[21.5545,55.8473],[21.5582,55.8623],[21.5925,55.8599],[21.5866,55.8757],[21.5905,55.8795],[21.5993,55.8837],[21.6191,55.8811],[21.6253,55.8898],[21.6205,55.89],[21.6181,55.8964],[21.5911,55.9075],[21.579,55.9074],[21.5745,55.9122],[21.5747,55.9185],[21.5937,55.9167],[21.5927,55.9389],[21.5815,55.9441],[21.6002,55.9742],[21.5718,55.9802],[21.5866,56.0018],[21.6216,55.9958],[21.6304,56.0047],[21.6378,56.0027],[21.6663,56.0392],[21.6824,56.0432],[21.7001,56.0699],[21.645,56.0817],[21.6423,56.0768],[21.6188,56.0912],[21.6228,56.0975],[21.6185,56.1039],[21.5807,56.112],[21.5762,56.1072],[21.5555,56.1089],[21.5353,56.1023],[21.4643,56.1196],[21.4709,56.1307],[21.4126,56.141],[21.4083,56.1347],[21.3996,56.1365]]]}},{"type":"Feature","properties":{"code":"55","name":"Klaipėdos r. sav."},"geometry":{"type":"Polygon","coordinates":[[[21.2032,55.867],[21.1788,55.8667],[21.1683,55.8733],[21.1615,55.8643],[21.1469,55.8695],[21.1361,55.8674],[21.1373,55.8745],[21.1007,55.8924],[21.0898,55.8698],[21.0935,55.8612],[21.0822,55.8635],[21.084,55.8577],[21.0583,55.8552],[21.067,55.7934],[21.0753,55.7742],[21.0949,55.7791],[21.0983,55.7739],[21.1158,55.7797],[21.1379,55.7963],[21.1356,55.7717],[21.1539,55.7669],[21.1706,55.7529],[21.2209,55.6778],[21.2346,55.6831],[21.237,55.68],[21.223,55.6748],[21.2398,55.6501],[21.2307,55.6486],[21.2336,55.6451],[21.1758,55.6429],[21.1959,55.6139],[21.1894,55.6128],[21.172,55.6348],[21.1326,55.6323],[21.1357,55.6131],[21.1299,55.5976],[21.1329,55.5904],[21.1287,55.5853],[21.1288,55.5515],[21.1199,55.5406],[21.1151,55.5201],[21.1191,55.513],[21.1129,55.4971],[21.1188,55.4875],[21.1096,55.4811],[21.0991,55.4581],[21.263,55.4672],[21.3382,55.4906],[21.3651,55.4792],[21.3613,55.4982],[21.347,55.5038],[21.3544,55.5084],[21.3539,55.5143],[21.3696,55.5158],[21.3752,55.5222],[21.3804,55.5185],[21.3807,55.5236],[21.3883,55.5244],[21.385,55.5302],[21.3979,55.5373],[21.3985,55.5493],[21.4257,55.5456],[21.4539,55.5584],[21.4706,55.5494],[21.4532,55.5395],[21.4573,55.5335],[21.4723,55.5372],[21.4746,55.5416],[21.4917,55.5408],[21.4941,55.5332],[21.5054,55.5328],[21.4953,55.523],[21.501,55.5182],[21.5148,55.5282],[21.5256,55.5288],[21.5253,55.525],[21.5421,55.5276],[21.5407,55.5366],[21.5453,55.5393],[21.5694,55.5443],[21.5816,55.5408],[21.5825,55.547],[21.5774,55.5508],[21.5906,55.5549],[21.5837,55.5687],[21.5986,55.5647],[21.6143,55.5668],[21.628,55.5607],[21.6339,55.552],[21.6608,55.547],[21.6807,55.534],[21.6814,55.5276],[21.7106,55.5137],[21.7189,55.5219],[21.7383,55.5224],[21.7478,55.5264],[21.753,55.5348],[21.7594,55.5347],[21.77,55.5427],[21.7712,55.5567],[21.7822,55.5618],[21.7753,55.563],[21.7866,55.5685],[21.8087,55.5639],[21.8,55.5585],[21.8169,55.5556],[21.8347,55.5703],[21.8428,55.5689],[21.8503,55.5742],[21.8583,55.5716],[21.8829,55.5823],[21.8688,55.5876],[21.8798,55.597],[21.8417,55.6125],[21.844,55.618],[21.8097,55.6184],[21.8155,55.6231],[21.8089,55.6359],[21.7886,55.6417],[21.7823,55.6479],[21.799,55.6472],[21.7815,55.6618],[21.7912,55.6698],[21.7879,55.6713],[21.7941,55.6807],[21.7913,55.6833],[21.8026,55.6887],[21.7893,55.6912],[21.7807,55.7018],[21.7671,55.7014],[21.7587,55.7109],[21.7512,55.7125],[21.7581,55.7262],[21.7684,55.7297],[21.7601,55.7374],[21.7633,55.7496],[21.7574,55.7526],[21.7415,55.7593],[21.7347,55.7501],[21.7223,55.7549],[21.7132,55.7489],[21.6664,55.7614],[21.6517,55.75],[21.6278,55.7527],[21.6278,55.7681],[21.6384,55.7681],[21.6399,55.7724],[21.6258,55.7739],[21.6295,55.7768],[21.6272,55.7861],[21.6064,55.7908],[21.6116,55.7919],[21.6006,55.7982],[21.6005,55.8033],[21.6069,55.8051],[21.5979,55.8175],[21.5964,55.8069],[21.5911,55.8039],[21.5617,55.8048],[21.5569,55.8021],[21.5597,55.7987],[21.512,55.8087],[21.498,55.7927],[21.4997,55.7877],[21.4934,55.7859],[21.4654,55.7889],[21.4681,55.7932],[21.4403,55.8067],[21.448,55.8172],[21.4228,55.8227],[21.4121,55.8063],[21.3684,55.8155],[21.3628,55.8077],[21.3121,55.8223],[21.2955,55.8397],[21.2784,55.8368],[21.2446,55.821],[21.2252,55.8262],[21.2154,55.844],[21.2286,55.855],[21.2209,55.8605],[21.2115,55.8585],[21.2032,55.867]]]}},{"type":"Feature","properties":{"code":"66","name":"Panevėžio r. sav."},"geometry":{"type":"Polygon","coordinates":[[[24.7148,55.9229],[24.693,55.9265],[24.6937,55.9319],[24.6823,55.9362],[24.6594,55.9159],[24.642,55.9099],[24.6396,55.9019],[24.6294,55.9004],[24.6245,55.9046],[24.6284,55.9112],[24.626,55.923],[24.6041,55.9281],[24.6073,55.9354],[24.5958,55.9354],[24.5808,55.9282],[24.5855,55.9159],[24.5609,55.9082],[24.5434,55.913],[24.5281,55.8927],[24.5336,55.8873],[24.5498,55.8915],[24.5668,55.8898],[24.5523,55.8825],[24.5517,55.8745],[24.4244,55.8629],[24.421,55.8742],[24.4454,55.8779],[24.4461,55.89],[24.4234,55.8862],[24.4192,55.9027],[24.3973,55.8999],[24.3934,55.9199],[24.3724,55.9205],[24.3647,55.9164],[24.3565,55.8929],[24.2783,55.9066],[24.272,55.9039],[24.276,55.9011],[24.2453,55.9038],[24.2397,55.8868],[24.2098,55.8896],[24.2082,55.8648],[24.1905,55.8665],[24.1915,55.8487],[24.1759,55.8507],[24.1765,55.8399],[24.1453,55.8403],[24.1475,55.8447],[24.133,55.8462],[24.1324,55.8405],[24.1133,55.8402],[24.1089,55.8454],[24.105,55.8807],[24.0847,55.8801],[24.0852,55.8764],[24.061,55.8731],[24.0599,55.8654],[24.0342,55.8632],[24.0354,55.8508],[24.0038,55.8537],[24.0145,55.8381],[23.9613,55.8413],[23.9588,55.8307],[23.9701,55.7977],[23.976,55.7981],[23.9838,55.7824],[24.0026,55.7869],[24.016,55.7832],[24.0272,55.7672],[24.0255,55.7606],[24.0132,55.7582],[24.0139,55.754],[24.027,55.7537],[24.0322,55.7506],[24.032,55.7445],[24.0465,55.7454],[24.0388,55.7319],[24.0431,55.7292],[24.0424,55.7231],[24.0331,55.7242],[24.0299,55.7115],[24.0624,55.7042],[24.0605,55.6975],[24.0676,55.6959],[24.0594,55.6886],[24.0319,55.691],[24.0129,55.673],[24.0226,55.6662],[24.0223,55.6479],[24.0381,55.6352],[24.0331,55.6313],[24.0245,55.6317],[24.0176,55.6261],[23.9816,55.6284],[23.972,55.6232],[23.9735,55.6158],[23.9254,55.6265],[23.9189,55.6046],[23.915,55.6044],[23.903,55.5795],[23.8794,55.5582],[23.893,55.5567],[23.9156,55.5633],[23.9118,55.54],[23.9214,55.5355],[23.9469,55.506],[23.9626,55.5053],[23.9874,55.5156],[23.9907,55.5113],[24.0027,55.5142],[24.0398,55.4797],[24.0546,55.4758],[24.0551,55.4654],[24.0384,55.4436],[24.0631,55.4395],[24.092,55.4442],[24.0957,55.4517],[24.1199,55.4503],[24.1201,55.4383],[24.132,55.4357],[24.1504,55.4378],[24.1629,55.4453],[24.1642,55.4511],[24.1933,55.4446],[24.2028,55.4597],[24.2003,55.4747],[24.205,55.4748],[24.2432,55.4664],[24.2427,55.4538],[24.3011,55.438],[24.3079,55.456],[24.3168,55.4542],[24.3182,55.4462],[24.347,55.4426],[24.3548,55.4377],[24.3635,55.4407],[24.3653,55.4354],[24.3858,55.4354],[24.3935,55.4267],[24.3862,55.4244],[24.385,55.414],[24.403,55.4087],[24.3969,55.4045],[24.399,55.3946],[24.4146,55.3867],[24.4503,55.3955],[24.4552,55.4014],[24.478,55.4006],[24.4784,55.3948],[24.485,55.395],[24.4877,55.4064],[24.5521,55.426],[24.5411,55.4343],[24.5358,55.446],[24.5363,55.4523],[24.542,55.4531],[24.5349,55.4577],[24.5417,55.4609],[24.5491,55.4562],[24.5557,55.4594],[24.5673,55.452],[24.6049,55.4496],[24.6506,55.4616],[24.6476,55.4953],[24.6298,55.5097],[24.6435,55.5097],[24.6427,55.5157],[24.6551,55.5177],[24.653,55.524],[24.6726,55.5426],[24.6741,55.5522],[24.6628,55.56],[24.6748,55.5678],[24.6686,55.5826],[24.6775,55.6007],[24.7262,55.6091],[24.7211,55.6329],[24.7039,55.6507],[24.693,55.6545],[24.6662,55.6427],[24.6589,55.6476],[24.6623,55.6542],[24.6564,55.6544],[24.6548,55.6652],[24.6894,55.6652],[24.6928,55.6703],[24.7084,55.6715],[24.7016,55.6641],[24.7259,55.6555],[24.7338,55.6585],[24.7423,55.6708],[24.7513,55.6732],[24.7394,55.6802],[24.7134,55.6841],[24.7205,55.6903],[24.7237,55.7058],[24.7157,55.7207],[24.6982,55.7333],[24.7122,55.7376],[24.7042,55.7466],[24.6909,55.7426],[24.6901,55.7603],[24.6781,55.7718],[24.6977,55.7724],[24.7057,55.7787],[24.7026,55.783],[24.7433,55.7875],[24.7421,55.8014],[24.7352,55.8033],[24.7389,55.8114],[24.7589,55.8219],[24.7544,55.8273],[24.7558,55.8387],[24.7383,55.8508],[24.7404,55.8736],[24.7239,55.8731],[24.721,55.8797],[24.7279,55.8852],[24.7187,55.8921],[24.7227,55.8937],[24.7148,55.9229]],[[24.2356,55.7352],[24.2403,55.7413],[24.2509,55.7429],[24.2572,55.7381],[24.2678,55.7448],[24.2901,55.7455],[24.2868,55.7481],[24.2931,55.7579],[24.348,55.7584],[24.3789,55.7719],[24.3839,55.7682],[24.3836,55.754],[24.3876,55.751],[24.3942,55.7491],[24.397,55.7532],[24.4102,55.746],[24.4209,55.75],[24.4324,55.7457],[24.4217,55.742],[24.4288,55.7344],[24.4166,55.7412],[24.404,55.7413],[24.3946,55.7296],[24.3978,55.719],[24.3895,55.7177],[24.3922,55.7083],[24.4114,55.711],[24.4225,55.7049],[24.3903,55.695],[24.3911,55.7032],[24.3862,55.7066],[24.3759,55.6909],[24.3675,55.6891],[24.3587,55.7019],[24.3512,55.7006],[24.3539,55.6977],[24.3094,55.6957],[24.3068,55.6978],[24.3138,55.7041],[24.3074,55.7044],[24.315,55.7078],[24.3129,55.7164],[24.2905,55.7168],[24.2779,55.7395],[24.2356,55.7352]]]}},{"type":"Feature","properties":{"code":"71","name":"Radviliškio r. sav."},"geometry":{"type":"Polygon","coordinates":[[[23.5522,55.9139],[23.5341,55.9193],[23.5111,55.8956],[23.5032,55.898],[23.4894,55.8873],[23.4814,55.8898],[23.4756,55.8874],[23.4777,55.8825],[23.4495,55.8829],[23.4113,55.8445],[23.3911,55.8495],[23.3765,55.8381],[23.3946,55.8296],[23.3922,55.8197],[23.368,55.7992],[23.3571,55.8029],[23.3602,55.8071],[23.3289,55.8146],[23.3016,55.7786],[23.2682,55.7592],[23.2248,55.7219],[23.2145,55.7072],[23.2203,55.7062],[23.2161,55.7019],[23.2344,55.6993],[23.2369,55.6892],[23.2469,55.6864],[23.2425,55.6838],[23.2747,55.6868],[23.3019,55.6835],[23.2981,55.6764],[23.3079,55.6705],[23.3021,55.6633],[23.3045,55.6572],[23.3185,55.6513],[23.3184,55.6431],[23.325,55.6355],[23.335,55.6431],[23.3373,55.6406],[23.332,55.6289],[23.3454,55.6241],[23.338,55.6124],[23.3246,55.618],[23.3285,55.6154],[23.3249,55.609],[23.3281,55.5996],[23.3216,55.5841],[23.3295,55.5691],[23.3619,55.5632],[23.3599,55.555],[23.3392,55.5553],[23.3334,55.5482],[23.3905,55.5285],[23.4015,55.5209],[23.4009,55.5114],[23.4599,55.4971],[23.455,55.4922],[23.4668,55.4873],[23.4767,55.4896],[23.4752,55.4959],[23.485,55.498],[23.4785,55.52],[23.5369,55.5231],[23.5442,55.5133],[23.5566,55.5148],[23.573,55.5081],[23.5611,55.4885],[23.5719,55.473],[23.6107,55.4759],[23.6179,55.4714],[23.6563,55.4691],[23.6587,55.4764],[23.6646,55.4772],[23.656,55.4855],[23.6745,55.4926],[23.6841,55.5025],[23.735,55.512],[23.7296,55.5193],[23.8126,55.5392],[23.8105,55.5416],[23.8314,55.5477],[23.8528,55.5474],[23.8794,55.5582],[23.903,55.5795],[23.915,55.6044],[23.9189,55.6046],[23.9254,55.6265],[23.9735,55.6158],[23.972,55.6232],[23.9816,55.6284],[24.0176,55.6261],[24.0381,55.6352],[24.0223,55.6479],[24.0226,55.6662],[24.0129,55.673],[24.0319,55.691],[24.0594,55.6886],[24.0676,55.6959],[24.0605,55.6975],[24.0624,55.7042],[24.0299,55.7115],[24.0331,55.7242],[24.0424,55.7231],[24.0431,55.7292],[24.0388,55.7319],[24.0465,55.7454],[24.032,55.7445],[24.0322,55.7506],[24.027,55.7537],[24.0139,55.754],[24.0132,55.7582],[24.0255,55.7606],[24.0272,55.7672],[24.0114,55.786],[23.9838,55.7824],[23.976,55.7981],[23.9672,55.8013],[23.96,55.8356],[23.8984,55.8233],[23.8938,55.8159],[23.8763,55.824],[23.8485,55.818],[23.8417,55.8252],[23.822,55.8265],[23.8256,55.8553],[23.8363,55.8568],[23.8283,55.8708],[23.8209,55.8747],[23.7901,55.869],[23.7862,55.8638],[23.7904,55.86],[23.7822,55.8547],[23.7766,55.8601],[23.7637,55.8592],[23.755,55.8662],[23.7324,55.8652],[23.7229,55.8811],[23.7064,55.8716],[23.6943,55.8726],[23.6836,55.8677],[23.6471,55.8737],[23.6565,55.8868],[23.6367,55.8998],[23.6287,55.892],[23.5798,55.9068],[23.5753,55.9023],[23.5538,55.909],[23.5569,55.9123],[23.5522,55.9139]]]}},{"type":"Feature","properties":{"code":"78","name":"Telšių r. sav."},"geometry":{"type":"Polygon","coordinates":[[[22.4022,56.1531],[22.3391,56.1638],[22.3348,56.1483],[22.3207,56.1491],[22.325,56.1606],[22.3026,56.1568],[22.2791,56.1598],[22.277,56.1546],[22.2493,56.1511],[22.2517,56.146],[22.2452,56.1351],[22.2523,56.1336],[22.2432,56.1266],[22.2381,56.1068],[22.1663,56.1128],[22.1695,56.1063],[22.1619,56.0989],[22.1396,56.0993],[22.1387,56.1063],[22.1267,56.1086],[22.1441,56.1314],[22.1389,56.1415],[22.1351,56.1321],[22.1244,56.1372],[22.1228,56.1303],[22.1124,56.127],[22.1086,56.1189],[22.1136,56.1147],[22.1083,56.1085],[22.073,56.0908],[22.0756,56.0841],[22.0711,56.0814],[22.0749,56.0779],[22.0696,56.0697],[22.0844,56.0594],[22.0736,56.0527],[22.0752,56.0392],[22.109,56.0361],[22.1073,56.0259],[22.0957,56.0196],[22.0956,56.0053],[22.0784,56.0043],[22.0771,55.9978],[22.0651,55.9968],[22.0714,55.983],[22.0784,55.9816],[22.0617,55.9738],[22.0836,55.9656],[22.0853,55.9584],[22.0773,55.95],[22.084,55.9473],[22.0842,55.9422],[22.0922,55.943],[22.0931,55.9481],[22.0871,55.9481],[22.1009,55.9541],[22.1023,55.9469],[22.1118,55.9414],[22.108,55.9372],[22.1162,55.9388],[22.1135,55.9416],[22.1278,55.9363],[22.129,55.9311],[22.1232,55.9276],[22.1291,55.9285],[22.1294,55.9226],[22.121,55.9212],[22.1374,55.8974],[22.1662,55.8934],[22.1664,55.8758],[22.1628,55.8737],[22.1712,55.8658],[22.1495,55.8642],[22.1416,55.8723],[22.127,55.8665],[22.1242,55.8593],[22.1338,55.8522],[22.1231,55.8449],[22.1301,55.8373],[22.1485,55.8397],[22.1555,55.8327],[22.1639,55.8332],[22.1568,55.8175],[22.1471,55.8153],[22.1629,55.8112],[22.1525,55.8046],[22.1821,55.8058],[22.1891,55.7977],[22.2406,55.7847],[22.2287,55.7741],[22.2278,55.7705],[22.2383,55.7668],[22.2282,55.7524],[22.2553,55.7321],[22.2489,55.7259],[22.2534,55.7217],[22.2314,55.6918],[22.2525,55.6837],[22.26,55.6883],[22.3006,55.667],[22.311,55.6787],[22.354,55.6707],[22.3528,55.666],[22.3729,55.6593],[22.3883,55.6674],[22.4142,55.6705],[22.4468,55.6641],[22.4663,55.6729],[22.4664,55.6797],[22.4824,55.6915],[22.5168,55.6895],[22.5277,55.695],[22.5296,55.6992],[22.5242,55.7046],[22.5303,55.7092],[22.5163,55.731],[22.5228,55.7398],[22.5094,55.7449],[22.5238,55.756],[22.512,55.7601],[22.4862,55.7887],[22.5844,55.811],[22.5812,55.8445],[22.5609,55.8559],[22.5793,55.863],[22.6323,55.8587],[22.6472,55.8627],[22.6443,55.8707],[22.6596,55.871],[22.6583,55.8764],[22.6637,55.8796],[22.6541,55.9014],[22.6893,55.8929],[22.6863,55.9014],[22.6956,55.9083],[22.6928,55.9125],[22.6855,55.9113],[22.678,55.9219],[22.7118,55.9304],[22.6982,55.932],[22.6909,55.9403],[22.6829,55.9391],[22.6683,55.9706],[22.6492,55.9712],[22.6585,55.951],[22.6183,55.9486],[22.6027,55.953],[22.6076,55.9677],[22.5966,55.9696],[22.5843,55.9795],[22.6034,55.9885],[22.6142,55.9883],[22.6114,55.9957],[22.6205,56.0006],[22.6151,56.0071],[22.6299,56.0165],[22.6217,56.0193],[22.6367,56.0274],[22.623,56.0315],[22.6213,56.0426],[22.6404,56.0348],[22.6435,56.0474],[22.6661,56.0535],[22.7046,56.0477],[22.7114,56.0502],[22.7056,56.0642],[22.7381,56.0694],[22.715,56.0843],[22.7153,56.1039],[22.7254,56.1085],[22.7032,56.1173],[22.6481,56.1031],[22.6447,56.1081],[22.6413,56.1033],[22.6367,56.107],[22.6318,56.102],[22.6373,56.0989],[22.6329,56.0926],[22.6168,56.0949],[22.6128,56.0859],[22.5794,56.0907],[22.58,56.0946],[22.5644,56.1015],[22.5106,56.1048],[22.5167,56.0962],[22.5087,56.0965],[22.5025,56.0881],[22.4727,56.0927],[22.4741,56.0977],[22.4276,56.1016],[22.4287,56.1062],[22.4472,56.1113],[22.4502,56.1233],[22.4395,56.1238],[22.438,56.1172],[22.4312,56.1153],[22.4196,56.1163],[22.428,56.1207],[22.4239,56.121],[22.4252,56.1253],[22.4337,56.1245],[22.4371,56.1414],[22.4003,56.1464],[22.4022,56.1531]]]}},{"type":"Feature","properties":{"code":"68","name":"Plungės r. sav."},"geometry":{"type":"Polygon","coordinates":[[[22.073,56.0908],[22.0683,56.0917],[22.0718,56.0986],[22.0948,56.1133],[22.0815,56.1196],[22.0721,56.1174],[22.0394,56.1238],[22.029,56.131],[22.0356,56.1421],[22.0286,56.1443],[22.0265,56.1519],[22.0157,56.1544],[22.0121,56.1462],[22.001,56.1495],[21.9875,56.1453],[21.983,56.1548],[21.9409,56.1589],[21.9345,56.1327],[21.9261,56.132],[21.9185,56.1213],[21.9254,56.1177],[21.9134,56.1126],[21.9038,56.1107],[21.8995,56.1196],[21.845,56.1237],[21.8474,56.1309],[21.8271,56.1312],[21.8232,56.1271],[21.83,56.1226],[21.8276,56.0981],[21.7737,56.1088],[21.7713,56.1052],[21.7467,56.1076],[21.7229,56.0731],[21.704,56.0772],[21.6824,56.0432],[21.6663,56.0392],[21.6378,56.0027],[21.6304,56.0047],[21.6216,55.9958],[21.5866,56.0018],[21.5718,55.9802],[21.6002,55.9742],[21.5815,55.9441],[21.5927,55.9389],[21.5937,55.9167],[21.5747,55.9185],[21.5745,55.9122],[21.579,55.9074],[21.609,55.9009],[21.6253,55.8898],[21.6191,55.8811],[21.5993,55.8837],[21.5886,55.8777],[21.5913,55.8701],[21.5879,55.8664],[21.5925,55.8599],[21.5582,55.8623],[21.5545,55.8473],[21.5406,55.8503],[21.5358,55.8433],[21.5389,55.8329],[21.5334,55.8354],[21.5263,55.8313],[21.5234,55.8201],[21.512,55.8087],[21.5597,55.7987],[21.5569,55.8021],[21.5617,55.8048],[21.5911,55.8039],[21.5964,55.8069],[21.5979,55.8175],[21.6069,55.8051],[21.6005,55.8033],[21.6006,55.7982],[21.6116,55.7919],[21.6064,55.7908],[21.6272,55.7861],[21.6295,55.7768],[21.6258,55.7739],[21.6399,55.7724],[21.6384,55.7681],[21.6278,55.7681],[21.6278,55.7527],[21.6517,55.75],[21.6664,55.7614],[21.7132,55.7489],[21.7223,55.7549],[21.7347,55.7501],[21.7461,55.766],[21.7857,55.7619],[21.7848,55.7757],[21.7981,55.7939],[21.8606,55.7801],[21.8617,55.7881],[21.8716,55.7931],[21.8778,55.7875],[21.8981,55.7871],[21.9016,55.7893],[21.8929,55.7948],[21.9047,55.8001],[21.9022,55.8037],[21.9076,55.8149],[21.9156,55.8156],[21.912,55.8211],[21.9207,55.8196],[21.9303,55.8254],[21.9411,55.8209],[21.939,55.8243],[21.9499,55.824],[21.9524,55.8298],[21.9608,55.8272],[21.9835,55.8507],[21.9969,55.8487],[21.9904,55.843],[21.9978,55.8405],[22.0164,55.8432],[22.0154,55.8291],[22.0277,55.8288],[22.0479,55.8198],[22.0523,55.8251],[22.0725,55.8203],[22.1058,55.8444],[22.1323,55.8491],[22.1337,55.8527],[22.1242,55.8593],[22.127,55.8665],[22.1416,55.8723],[22.1495,55.8642],[22.1712,55.8658],[22.1628,55.8737],[22.1664,55.8758],[22.1662,55.8934],[22.1374,55.8974],[22.1305,55.9126],[22.1214,55.92],[22.1294,55.9226],[22.1291,55.9285],[22.1232,55.9276],[22.129,55.9311],[22.1278,55.9363],[22.1135,55.9416],[22.1162,55.9388],[22.108,55.9372],[22.1118,55.9414],[22.1023,55.9469],[22.1009,55.9541],[22.0871,55.9481],[22.0931,55.9481],[22.0922,55.943],[22.0842,55.9422],[22.084,55.9473],[22.0773,55.95],[22.0853,55.9584],[22.0836,55.9656],[22.0617,55.9738],[22.0784,55.9816],[22.0714,55.983],[22.0651,55.9968],[22.0771,55.9978],[22.0784,56.0043],[22.0956,56.0053],[22.0957,56.0196],[22.1073,56.0259],[22.109,56.0361],[22.0752,56.0392],[22.0736,56.0527],[22.0844,56.0594],[22.0696,56.0697],[22.0749,56.0779],[22.0711,56.0814],[22.0756,56.0841],[22.073,56.0908]]]}},{"type":"Feature","properties":{"code":"43","name":"Zarasų r. sav."},"geometry":{"type":"Polygon","coordinates":[[[26.2138,55.8507],[26.1839,55.8685],[26.1732,55.8654],[26.1511,55.8768],[26.1203,55.8795],[26.09,55.9009],[26.0462,55.9441],[26.0059,55.9427],[25.9999,55.9351],[25.9726,55.922],[25.968,55.9093],[25.9881,55.8893],[25.9762,55.886],[25.9634,55.8737],[25.9744,55.87],[25.9667,55.8706],[25.9662,55.8653],[25.9033,55.8625],[25.9051,55.8514],[25.9017,55.8481],[25.9071,55.8401],[25.9036,55.8376],[25.9076,55.826],[25.8953,55.8197],[25.8662,55.8219],[25.8709,55.8262],[25.8677,55.8292],[25.8404,55.8351],[25.8428,55.8217],[25.8367,55.8143],[25.841,55.8121],[25.8248,55.8147],[25.8358,55.8059],[25.832,55.8038],[25.8386,55.7971],[25.8288,55.7889],[25.8228,55.7731],[25.8006,55.7716],[25.7483,55.7859],[25.7464,55.7783],[25.7325,55.7771],[25.7298,55.7607],[25.7199,55.7576],[25.7294,55.756],[25.726,55.7398],[25.717,55.7414],[25.7125,55.7309],[25.6863,55.7149],[25.7013,55.7109],[25.7019,55.7058],[25.6802,55.7087],[25.6828,55.7019],[25.6915,55.6981],[25.7141,55.6989],[25.7284,55.6877],[25.7584,55.6872],[25.7601,55.6712],[25.7676,55.6662],[25.7692,55.6374],[25.7732,55.6374],[25.7763,55.6219],[25.782,55.6222],[25.7864,55.6151],[25.7967,55.6163],[25.8029,55.6252],[25.8011,55.6304],[25.8258,55.6283],[25.8573,55.6149],[25.8811,55.597],[25.8967,55.5983],[25.914,55.6069],[25.9461,55.5901],[25.922,55.5789],[25.9437,55.5634],[25.9451,55.5558],[25.9566,55.5578],[25.9761,55.5468],[25.9769,55.5345],[25.9829,55.5346],[25.9827,55.524],[26.0134,55.526],[26.017,55.5239],[26.0151,55.516],[26.1113,55.5213],[26.1076,55.5337],[26.1501,55.5361],[26.1819,55.5314],[26.2281,55.5403],[26.2235,55.5603],[26.2438,55.5531],[26.2473,55.5557],[26.2221,55.5635],[26.2217,55.5715],[26.2495,55.5747],[26.2405,55.5815],[26.2478,55.586],[26.246,55.5911],[26.2519,55.5965],[26.2485,55.599],[26.2627,55.6004],[26.2773,55.6117],[26.3147,55.6019],[26.4084,55.6016],[26.4196,55.6181],[26.4628,55.5967],[26.4933,55.6092],[26.5299,55.6045],[26.5463,55.6102],[26.5689,55.6105],[26.5832,55.6204],[26.5902,55.6144],[26.5806,55.6096],[26.5874,55.606],[26.6098,55.6061],[26.6157,55.6009],[26.6325,55.6089],[26.6377,55.6544],[26.6309,55.6589],[26.6304,55.6807],[26.5975,55.6747],[26.5755,55.6759],[26.5724,55.6801],[26.5311,55.6769],[26.5195,55.6791],[26.5123,55.6873],[26.4929,55.688],[26.491,55.696],[26.4571,55.7063],[26.4075,55.7112],[26.3851,55.7047],[26.3756,55.7094],[26.3655,55.7316],[26.3519,55.741],[26.3126,55.743],[26.2686,55.7677],[26.2312,55.8124],[26.2356,55.8198],[26.2294,55.8382],[26.2138,55.8507]]]}},{"type":"Feature","properties":{"code":"47","name":"Joniškio r. sav."},"geometry":{"type":"Polygon","coordinates":[[[23.4353,56.3551],[23.4185,56.3705],[23.388,56.3789],[23.3081,56.383],[23.283,56.3719],[23.1704,56.3669],[23.1813,56.3584],[23.1724,56.3545],[23.1841,56.3374],[23.146,56.3268],[23.1124,56.3129],[23.1152,56.3081],[23.086,56.2996],[23.0953,56.2865],[23.0883,56.2852],[23.1001,56.2642],[23.0764,56.2617],[23.0791,56.2567],[23.0728,56.2559],[23.0787,56.2427],[23.0917,56.2352],[23.1083,56.2402],[23.1281,56.2031],[23.1356,56.2044],[23.1301,56.2091],[23.163,56.2145],[23.1687,56.2092],[23.1762,56.2107],[23.193,56.2041],[23.1831,56.2009],[23.1894,56.1933],[23.201,56.1899],[23.2048,56.1832],[23.2001,56.1797],[23.2321,56.1694],[23.2561,56.1876],[23.2691,56.1826],[23.2733,56.1854],[23.2936,56.1746],[23.3028,56.1815],[23.3191,56.1746],[23.2909,56.1497],[23.2764,56.1476],[23.3277,56.1278],[23.3333,56.132],[23.3125,56.1408],[23.3207,56.1447],[23.3503,56.1449],[23.3715,56.1362],[23.3629,56.1295],[23.3853,56.1186],[23.4091,56.1088],[23.4172,56.115],[23.4412,56.1042],[23.4445,56.0968],[23.4395,56.0929],[23.4779,56.0821],[23.4836,56.0866],[23.5477,56.0617],[23.559,56.0696],[23.573,56.0678],[23.5664,56.0779],[23.5792,56.0879],[23.6087,56.0753],[23.6345,56.0942],[23.6286,56.096],[23.6862,56.1283],[23.6676,56.1386],[23.708,56.1613],[23.6992,56.1662],[23.7061,56.1703],[23.7137,56.1661],[23.7487,56.1838],[23.7529,56.1799],[23.8031,56.1774],[23.8306,56.1809],[23.8394,56.1924],[23.8286,56.196],[23.8408,56.2134],[23.8532,56.214],[23.8633,56.2375],[23.871,56.2376],[23.8716,56.243],[23.8647,56.2444],[23.8861,56.2506],[23.8926,56.248],[23.906,56.266],[23.9121,56.2842],[23.9254,56.2842],[23.9221,56.2939],[23.9289,56.3086],[23.9609,56.3106],[23.9616,56.3305],[23.915,56.3311],[23.9126,56.3387],[23.8289,56.3381],[23.8035,56.3422],[23.7954,56.3391],[23.7815,56.3205],[23.767,56.3236],[23.7678,56.3328],[23.7622,56.3367],[23.7803,56.3607],[23.7805,56.3677],[23.7648,56.3733],[23.6301,56.3599],[23.5449,56.3321],[23.5106,56.3358],[23.4926,56.3452],[23.4353,56.3551]]]}},{"type":"Feature","properties":{"code":"63","name":"Pagėgių sav."},"geometry":{"type":"Polygon","coordinates":[[[21.8959,55.2881],[21.8844,55.2965],[21.872,55.2939],[21.8493,55.2697],[21.8579,55.2623],[21.8616,55.2495],[21.8825,55.2383],[21.8742,55.2328],[21.8767,55.2287],[21.8664,55.2031],[21.8121,55.2134],[21.8195,55.2194],[21.7916,55.2296],[21.7793,55.224],[21.766,55.2291],[21.748,55.2283],[21.7302,55.222],[21.738,55.2167],[21.7303,55.2125],[21.6907,55.2117],[21.6904,55.2052],[21.6815,55.1992],[21.6666,55.1998],[21.6612,55.1876],[21.6688,55.1817],[21.6499,55.1822],[21.6702,55.1678],[21.7131,55.1491],[21.7211,55.1336],[21.7793,55.1191],[21.8144,55.1191],[21.8513,55.0966],[21.9618,55.0741],[21.9993,55.0869],[22.0341,55.0834],[22.0406,55.074],[22.0314,55.0571],[22.0346,55.0457],[22.047,55.0343],[22.0724,55.0257],[22.1197,55.0275],[22.1347,55.0471],[22.1578,55.0555],[22.1859,55.0538],[22.2773,55.0643],[22.2618,55.1091],[22.2686,55.1124],[22.2599,55.1179],[22.2607,55.1225],[22.2734,55.1271],[22.2776,55.1336],[22.2693,55.141],[22.2898,55.141],[22.3002,55.1355],[22.3068,55.1392],[22.2943,55.142],[22.2895,55.1493],[22.2716,55.148],[22.2597,55.1527],[22.2452,55.1475],[22.24,55.1531],[22.1939,55.1528],[22.1698,55.1718],[22.1569,55.1751],[22.1493,55.1661],[22.1217,55.1671],[22.0829,55.1515],[22.0582,55.1525],[22.0643,55.1703],[22.0529,55.1797],[22.0333,55.221],[22.0277,55.2244],[22.0398,55.2349],[21.9799,55.2505],[21.9696,55.2583],[21.8804,55.276],[21.8959,55.2881]]]}},{"type":"Feature","properties":{"code":"30","name":"Visagino m. sav."},"geometry":{"type":"Polygon","coordinates":[[[26.6157,55.6009],[26.6098,55.6061],[26.5827,55.6074],[26.581,55.6115],[26.5903,55.6145],[26.5832,55.6204],[26.5689,55.6105],[26.5463,55.6102],[26.5299,55.6045],[26.4933,55.6092],[26.4628,55.5967],[26.4196,55.6181],[26.4075,55.6007],[26.3904,55.5883],[26.3916,55.5813],[26.3868,55.5805],[26.3911,55.5747],[26.4126,55.569],[26.4049,55.5596],[26.411,55.5594],[26.4152,55.5505],[26.4515,55.562],[26.5292,55.5622],[26.5553,55.5781],[26.5843,55.5866],[26.6009,55.5988],[26.6109,55.5993],[26.6093,55.5908],[26.6198,55.5921],[26.6193,55.5847],[26.6268,55.5947],[26.6157,55.6009]]]}},{"type":"Feature","properties":{"code":"11","name":"Alytaus m. sav."},"geometry":{"type":"Polygon","coordinates":[[[24.0729,54.4407],[24.0494,54.4385],[24.0415,54.4333],[24.0094,54.4425],[24.0012,54.427],[24.0056,54.419],[24.0015,54.4103],[23.9586,54.3938],[23.9984,54.3924],[24.0034,54.3855],[23.9948,54.3832],[23.9852,54.3711],[24.0008,54.3689],[24.0171,54.3787],[24.0318,54.3774],[24.0624,54.3642],[24.0733,54.376],[24.0914,54.3679],[24.0898,54.3861],[24.0805,54.3929],[24.1023,54.397],[24.0849,54.4072],[24.0756,54.4051],[24.0686,54.4108],[24.073,54.4151],[24.0616,54.4219],[24.0401,54.4201],[24.045,54.4282],[24.0659,54.4337],[24.0729,54.4407]]]}}]}